Workbook
Name air_density: Conversions!$M$11
Name Baseline: Menus!$I$2:$I$3
Name Carbon_01: OFFSET(Carbon!$U$6,0,0,Carbon!$S$3,1)
Name Carbon_02: OFFSET(Carbon!$V$6,0,0,Carbon!$S$3,1)
Name Carbon_03: OFFSET(Carbon!$W$6,0,0,Carbon!$S$3,1)
Name Carbon_04: OFFSET(Carbon!$X$6,0,0,Carbon!$S$3,1)
Name Carbon_05: OFFSET(Carbon!$Y$6,0,0,Carbon!$S$3,1)
Name Carbon_06: OFFSET(Carbon!$Z$6,0,0,Carbon!$S$3,1)
Name Carbon_07: OFFSET(Carbon!$AA$6,0,0,Carbon!$S$3,1)
Name Carbon_08: OFFSET(Carbon!$AB$6,0,0,Carbon!$S$3,1)
Name Carbon_09: OFFSET(Carbon!$AC$6,0,0,Carbon!$S$3,1)
Name Carbon_10: OFFSET(Carbon!$AD$6,0,0,Carbon!$S$3,1)
Name Carbon_11: OFFSET(Carbon!$AE$6,0,0,Carbon!$S$3,1)
Name Carbon_12: OFFSET(Carbon!$AF$6,0,0,Carbon!$S$3,1)
Name Carbon_13: OFFSET(Carbon!$AG$6,0,0,Carbon!$S$3,1)
Name Carbon_14: OFFSET(Carbon!$AH$6,0,0,Carbon!$S$3,1)
Name Carbon_15: OFFSET(Carbon!$AI$6,0,0,Carbon!$S$3,1)
Name Carbon_16: OFFSET(Carbon!$AJ$6,0,0,Carbon!$S$3,1)
Name Carbon_17: OFFSET(Carbon!$AK$6,0,0,Carbon!$S$3,1)
Name Carbon_18: OFFSET(Carbon!$AL$6,0,0,Carbon!$S$3,1)
Name Carbon_19: OFFSET(Carbon!$AM$6,0,0,Carbon!$S$3,1)
Name Carbon_20: OFFSET(Carbon!$AN$6,0,0,Carbon!$S$3,1)
Name Carbon_AdditionalFuel: OFFSET(Carbon!#REF!,0,0,Carbon!$S$3,1 )
Name Carbon_AdditionalFuel: OFFSET(Cost!#REF!,0,0,Cost!$S$3,1 )
Name Carbon_AdditionalFuel: OFFSET(SiteE!#REF!,0,0,SiteE!$S$3,1 )
Name Carbon_AdditionalFuel: OFFSET(SourceE!#REF!,0,0,SourceE!$S$3,1 )
Name Carbon_AdditionalFuel: OFFSET(#REF!,0,0,#REF!,1 )
Name Carbon_DistrictCooling: OFFSET(Carbon!#REF!,0,0,Carbon!$S$3,1 )
Name Carbon_DistrictCooling: OFFSET(Cost!#REF!,0,0,Cost!$S$3,1 )
Name Carbon_DistrictCooling: OFFSET(SiteE!#REF!,0,0,SiteE!$S$3,1 )
Name Carbon_DistrictCooling: OFFSET(SourceE!#REF!,0,0,SourceE!$S$3,1 )
Name Carbon_DistrictCooling: OFFSET(#REF!,0,0,#REF!,1 )
Name Carbon_DistrictHeating: OFFSET(Carbon!#REF!,0,0,Carbon!$S$3,1 )
Name Carbon_DistrictHeating: OFFSET(Cost!#REF!,0,0,Cost!$S$3,1 )
Name Carbon_DistrictHeating: OFFSET(SiteE!#REF!,0,0,SiteE!$S$3,1 )
Name Carbon_DistrictHeating: OFFSET(SourceE!#REF!,0,0,SourceE!$S$3,1 )
Name Carbon_DistrictHeating: OFFSET(#REF!,0,0,#REF!,1 )
Name Carbon_Electricity: OFFSET(Carbon!#REF!,0,0,Carbon!$S$3,1 )
Name Carbon_Electricity: OFFSET(Cost!#REF!,0,0,Cost!$S$3,1 )
Name Carbon_Electricity: OFFSET(SiteE!#REF!,0,0,SiteE!$S$3,1 )
Name Carbon_Electricity: OFFSET(SourceE!#REF!,0,0,SourceE!$S$3,1 )
Name Carbon_Electricity: OFFSET(#REF!,0,0,#REF!,1 )
Name Carbon_NaturalGas: OFFSET(Carbon!#REF!,0,0,Carbon!$S$3,1 )
Name Carbon_NaturalGas: OFFSET(Cost!#REF!,0,0,Cost!$S$3,1 )
Name Carbon_NaturalGas: OFFSET(SiteE!#REF!,0,0,SiteE!$S$3,1 )
Name Carbon_NaturalGas: OFFSET(SourceE!#REF!,0,0,SourceE!$S$3,1 )
Name Carbon_NaturalGas: OFFSET(#REF!,0,0,#REF!,1 )
Name Carbon_Unc: OFFSET(Carbon!#REF!,0,0,Carbon!$S$3,1 )
Name Carbon_Unc: OFFSET(Cost!#REF!,0,0,Cost!$S$3,1 )
Name Carbon_Unc: OFFSET(SiteE!#REF!,0,0,SiteE!$S$3,1 )
Name Carbon_Unc: OFFSET(SourceE!#REF!,0,0,SourceE!$S$3,1 )
Name Carbon_Unc: OFFSET(#REF!,0,0,#REF!,1 )
Name CarbonEI_11: OFFSET(Carbon!$AE$20,0,0,Carbon!$S$3,1)
Name Case_Names: OFFSET(Carbon!$S$6,0,0,Carbon!$S$3,1 )
Name Case_Names: OFFSET(Cost!$S$6,0,0,Cost!$S$3,1 )
Name Case_Names: OFFSET(SiteE!$S$6,0,0,SiteE!$S$3,1 )
Name Case_Names: OFFSET(SourceE!$S$6,0,0,SourceE!$S$3,1 )
Name Case_Names: OFFSET(#REF!,0,0,#REF!,1 )
Name CEI_01: OFFSET(Carbon!$U$20,0,0,Carbon!$S$3,1)
Name CEI_02: OFFSET(Carbon!$V$20,0,0,Carbon!$S$3,1)

Sheet Home
A1: Energy Results Comparison
B3: Instructions | O3: About
B4: This spreadsheet has been designed to allow the easy comparison of various energy scenarios during early and later design phases using both simulated and postprocessed information. It been optimized to automatically use transcribed data from the scripts, but results from other energy modelling programs or external calculations can be manually inputted. The worksheet can generate graphs and tables for reports and report on LEED points for energy and renewable energy. | O4: Energy Results Comparison Worksheet
O6: Version: | Q6: 4.52
B7: 1. Enter design and utility information in tab 'Project Information' | O7: Last Update: | Q7: 45980
B8: 2. Perform energy simulations in energy modelling program | O8: By: | Q8: EJG
B9: 3. If applicable, use the scripting tools available for each platform to format the results for the universal energy results format | O9: Version Notes: | Q9: Changed graph and table pages
B10: 4. If applicable, use the scripting tools to import the Baseline information into the 'BL Data' tab and the Proposed cases into the 'Proposed Data' tab | Q10: Added gross floor area for 2030 reporting table
B11: 5. Use the 'LEED BL', 'Code BL' and 'Proposed Tabs' to pull in cases from the 'BL Data' and 'Proposed Data' tab | Q11: Updated LEED point calculation
B12: 6. Use the input cells in these worksheets to postprocess enduse data or to manually add in results from the energy modeling program | Q12: Made provisions for LEED v5
B13: 7. Use the remaning tabs to generate graphs and tables for reports | Q13: Changed control for including process loads to 'Project Info' page
Q14: Refinement to report tables
Q15: Fixed bugs in Name
B16: Legend | Q16: Fixed bugs in renewable energy calculation
Q17: Updated the energy cost and carbon factors input methodology
B18: SI | C18: Cell with pull down menu | Q18: Added consistency to area for nromalized calculations when conflict between entered value and model
B20: 2464 | C20: Cell to input information in
B22: =B20*2 -> 4928 | C22: Cell that contains a formula and is automatically calculated
C24: Cell does not apply

Sheet Project Info
A1: Project Information
B3: Project Information | G3: Worksheet Units
B4: Project Name | D4: Casa | G4: Select Project Units | I4: IP
B5: ASHRAE Climate Zone | D5: 3B | G5: Select Energy Units for Input | I5: kBtu | K5: Specify the units of energy that will be entered in the tables (as output from the energy modelling program)
B6: Program Type | D6: All Others | G6: Select Energy Units for Output | I6: kBtu | K6: Specify the units of energy to report in the tables and graphs. If different from input units, a conversion will be performed
B7: Gross Conditioned Floor Area | D7: 13652 | E7: =IF($I$4="SI","m²","ft²") -> ft²
G8: Additional End Use Categories | K8: Use this section to define end uses that are not accounted for in the typical end use categories
B9: Baseline Information | I9: Misc 1 | J9: Misc 2
B10: AIA 2030 Benchmark EUI (BmEUI) | D10: 43 | E10: kBtu/ft2 | G10: End Use Name | K10: Add the names of any atypical end uses that will be used in this project for inclusion in the calcualtions
B11: AIA 2030 Target Savings | D11: 0.9 | G11: Fuel | I11: Electricity | J11: Gas | K11: Specify fuel type of end use
B12: LEED Version | D12: LEED v4 | G12: Process Load? | I12: No | J12: Yes | K12: Specify if these end uses are a process load or not
B13: LEED Type | D13: New Construction
B14: LEED Subcategory | D14: School | G14: Site to Source Ratio
B15: Energy Code Standard | D15: Title 24 | I15: =Menus!$A$17 -> Electricity | J15: =Menus!$A$18 -> Gas | K15: =Menus!$A$19 -> Additional Fuel | L15: =Menus!$A$20 -> District Cooling | M15: =Menus!$A$21 -> District Heating
B16: Energy Code Includes Process Loads? | D16: Yes | G16: Site to Source Ratio | I16: 2.8 | J16: 1.05 | L16: 0.91 | M16: 1.2 | N16: Energy Star US and Canadian Source to Site Ratios
B18: Performance Goals | G18: Carbon Emissions Factors
D19: LEED | E19: Code | G19: Select Carbon Emissions Method | I19: Enter Flat Rate | K19: Specify if the carbon emissions will be calculated in the flat rates supplied below, or the calculated virtual rate from imported energy model data
B20: Energy Savings Goal | D20: NA | E20: NA
B21: Carbon Savings Goal | D21: NA | E21: NA | I21: =Menus!$A$17 -> Electricity | J21: =Menus!$A$18 -> Gas | K21: =Menus!$A$19 -> Additional Fuel | L21: =Menus!$A$20 -> District Cooling | M21: =Menus!$A$21 -> District Heating
B22: Energy Cost Savings Goal | D22: NA | E22: NA | G22: =IF($I$4=Menus!$A$2,Menus!$G$6,Menus!$G$7) -> kg CO2e | I22: 0.404 | J22: =IF($I$4="SI",0.18053,0.05306) -> 0.05306 | L22: 1 | M22: 1 | N22: Energy Star US and Canadian Emissions Factors
G23: Carbon Units | I23: kWh | J23: =IF($I$4="SI","kWh","kBtu") -> kBtu | K23: kWh | L23: kWh | M23: kWh
B25: QA/QC | G25: Energy Cost Factors
B26: Author | D26: Urvi Pawar | G26: Select Energy Cost Method | I26: Enter Flat Rate | K26: Specify if the energy cost will be calculated in the flat rates supplied below, or the calculated virtual rate from imported energy model data
B27: Date | D27: 2026-06-17
B28: Uncertainty Factor | D28: 0 | I28: =Menus!$A$17 -> Electricity | J28: =Menus!$A$18 -> Gas | K28: =Menus!$A$19 -> Additional Fuel | L28: =Menus!$A$20 -> District Cooling | M28: =Menus!$A$21 -> District Heating
G29: Unit Cost | I29: 0.124 | J29: 1.45
G30: Cost Unit | I30: kWh | J30: Therm | K30: 1000 ft3 Gas | L30: kWh | M30: kWh
G39: Converted Factors
I40: =I15 -> Electricity | J40: =J15 -> Gas | K40: =K15 -> Additional Fuel | L40: District Cooling | M40: District Heating
G41: Carbon Flat Rate Converted | I41: =IFERROR(I$22/INDEX(Conversions!$C$6:$I$12,MATCH($I$6,Conversions!$B$6:$B$12,0),MATCH(I$23,Conversions!$C$5:$I$5,0)),0) -> 0.11840077 | J41: =IFERROR(J$22/INDEX(Conversions!$C$6:$I$12,MATCH($I$6,Conversions!$B$6:$B$12,0),MATCH(J$23,Conversions!$C$5:$I$5,0)),0) -> 0.05306 | K41: =IFERROR(K$22/INDEX(Conversions!$C$6:$I$12,MATCH($I$6,Conversions!$B$6:$B$12,0),MATCH(K$23,Conversions!$C$5:$I$5,0)),0) -> 0 | L41: =IFERROR(L$22/INDEX(Conversions!$C$6:$I$12,MATCH($I$6,Conversions!$B$6:$B$12,0),MATCH(L$23,Conversions!$C$5:$I$5,0)),0) -> 0.29307121 | M41: =IFERROR(M$22/INDEX(Conversions!$C$6:$I$12,MATCH($I$6,Conversions!$B$6:$B$12,0),MATCH(M$23,Conversions!$C$5:$I$5,0)),0) -> 0.29307121
G42: Flat Rate Unit Price Converted | I42: =IFERROR(I$29/INDEX(Conversions!$C$6:$I$12,MATCH($I$6,Conversions!$B$6:$B$12,0),MATCH(I$30,Conversions!$C$5:$I$5,0)),0) -> 0.03634083 | J42: =IFERROR(J$29/INDEX(Conversions!$C$6:$I$12,MATCH($I$6,Conversions!$B$6:$B$12,0),MATCH(J$30,Conversions!$C$5:$I$5,0)),0) -> 0.0145 | K42: =IFERROR(K$29/INDEX(Conversions!$C$6:$I$12,MATCH($I$6,Conversions!$B$6:$B$12,0),MATCH(K$30,Conversions!$C$5:$I$5,0)),0) -> 0 | L42: =IFERROR(L$29/INDEX(Conversions!$C$6:$I$12,MATCH($I$6,Conversions!$B$6:$B$12,0),MATCH(L$30,Conversions!$C$5:$I$5,0)),0) -> 0 | M42: =IFERROR(M$29/INDEX(Conversions!$C$6:$I$12,MATCH($I$6,Conversions!$B$6:$B$12,0),MATCH(M$30,Conversions!$C$5:$I$5,0)),0) -> 0
G44: =Calculations!A$9 -> LEED Baseline | I44: ='BL Data'!BB$2 -> 0.11840563 | J44: ='BL Data'!BC$2 -> 0.053 | K44: ='BL Data'!BD$2 -> 0 | L44: ='BL Data'!BE$2 -> 0 | M44: ='BL Data'!BF$2 -> 0
G45: =Calculations!A$10 -> Code Baseline | I45: ='BL Data'!BB$6 -> 0 | J45: ='BL Data'!BC$6 -> 0 | K45: ='BL Data'!BD$6 -> 0 | L45: ='BL Data'!BE$6 -> 0 | M45: ='BL Data'!BF$6 -> 0
G46: =Proposed!C$10 -> Primary 0° | I46: =IFERROR(INDEX('Proposed Data'!BB$2:BB$100, MATCH('Project Info'!$G46,'Proposed Data'!$A$2:$A$100,0))/Calculations!$E$8,0) -> 0.11840563 | J46: =IFERROR(INDEX('Proposed Data'!BC$2:BC$100, MATCH('Project Info'!$G46,'Proposed Data'!$A$2:$A$100,0))/Calculations!$E$8,0) -> 0.053 | K46: =IFERROR(INDEX('Proposed Data'!BD$2:BD$100, MATCH('Project Info'!$G46,'Proposed Data'!$A$2:$A$100,0))/Calculations!$E$8,0) -> 0 | L46: =IFERROR(INDEX('Proposed Data'!BE$2:BE$100, MATCH('Project Info'!$G46,'Proposed Data'!$A$2:$A$100,0))/Calculations!$E$8,0) -> 0 | M46: =IFERROR(INDEX('Proposed Data'!BF$2:BF$100, MATCH('Project Info'!$G46,'Proposed Data'!$A$2:$A$100,0))/Calculations!$E$8,0) -> 0
G47: =Proposed!C$24 -> 0 | I47: =IFERROR(INDEX('Proposed Data'!BB$2:BB$100, MATCH('Project Info'!$G47,'Proposed Data'!$A$2:$A$100,0))/Calculations!$E$8,0) -> 0 | J47: =IFERROR(INDEX('Proposed Data'!BC$2:BC$100, MATCH('Project Info'!$G47,'Proposed Data'!$A$2:$A$100,0))/Calculations!$E$8,0) -> 0 | K47: =IFERROR(INDEX('Proposed Data'!BD$2:BD$100, MATCH('Project Info'!$G47,'Proposed Data'!$A$2:$A$100,0))/Calculations!$E$8,0) -> 0 | L47: =IFERROR(INDEX('Proposed Data'!BE$2:BE$100, MATCH('Project Info'!$G47,'Proposed Data'!$A$2:$A$100,0))/Calculations!$E$8,0) -> 0 | M47: =IFERROR(INDEX('Proposed Data'!BF$2:BF$100, MATCH('Project Info'!$G47,'Proposed Data'!$A$2:$A$100,0))/Calculations!$E$8,0) -> 0
G48: =Proposed!C$38 -> 0 | I48: =IFERROR(INDEX('Proposed Data'!BB$2:BB$100, MATCH('Project Info'!$G48,'Proposed Data'!$A$2:$A$100,0))/Calculations!$E$8,0) -> 0 | J48: =IFERROR(INDEX('Proposed Data'!BC$2:BC$100, MATCH('Project Info'!$G48,'Proposed Data'!$A$2:$A$100,0))/Calculations!$E$8,0) -> 0 | K48: =IFERROR(INDEX('Proposed Data'!BD$2:BD$100, MATCH('Project Info'!$G48,'Proposed Data'!$A$2:$A$100,0))/Calculations!$E$8,0) -> 0 | L48: =IFERROR(INDEX('Proposed Data'!BE$2:BE$100, MATCH('Project Info'!$G48,'Proposed Data'!$A$2:$A$100,0))/Calculations!$E$8,0) -> 0 | M48: =IFERROR(INDEX('Proposed Data'!BF$2:BF$100, MATCH('Project Info'!$G48,'Proposed Data'!$A$2:$A$100,0))/Calculations!$E$8,0) -> 0
G49: =Proposed!C$52 -> 0 | I49: =IFERROR(INDEX('Proposed Data'!BB$2:BB$100, MATCH('Project Info'!$G49,'Proposed Data'!$A$2:$A$100,0))/Calculations!$E$8,0) -> 0 | J49: =IFERROR(INDEX('Proposed Data'!BC$2:BC$100, MATCH('Project Info'!$G49,'Proposed Data'!$A$2:$A$100,0))/Calculations!$E$8,0) -> 0 | K49: =IFERROR(INDEX('Proposed Data'!BD$2:BD$100, MATCH('Project Info'!$G49,'Proposed Data'!$A$2:$A$100,0))/Calculations!$E$8,0) -> 0 | L49: =IFERROR(INDEX('Proposed Data'!BE$2:BE$100, MATCH('Project Info'!$G49,'Proposed Data'!$A$2:$A$100,0))/Calculations!$E$8,0) -> 0 | M49: =IFERROR(INDEX('Proposed Data'!BF$2:BF$100, MATCH('Project Info'!$G49,'Proposed Data'!$A$2:$A$100,0))/Calculations!$E$8,0) -> 0
G50: =Proposed!C$66 -> 0 | I50: =IFERROR(INDEX('Proposed Data'!BB$2:BB$100, MATCH('Project Info'!$G50,'Proposed Data'!$A$2:$A$100,0))/Calculations!$E$8,0) -> 0 | J50: =IFERROR(INDEX('Proposed Data'!BC$2:BC$100, MATCH('Project Info'!$G50,'Proposed Data'!$A$2:$A$100,0))/Calculations!$E$8,0) -> 0 | K50: =IFERROR(INDEX('Proposed Data'!BD$2:BD$100, MATCH('Project Info'!$G50,'Proposed Data'!$A$2:$A$100,0))/Calculations!$E$8,0) -> 0 | L50: =IFERROR(INDEX('Proposed Data'!BE$2:BE$100, MATCH('Project Info'!$G50,'Proposed Data'!$A$2:$A$100,0))/Calculations!$E$8,0) -> 0 | M50: =IFERROR(INDEX('Proposed Data'!BF$2:BF$100, MATCH('Project Info'!$G50,'Proposed Data'!$A$2:$A$100,0))/Calculations!$E$8,0) -> 0
G51: =Proposed!C$80 -> 0 | I51: =IFERROR(INDEX('Proposed Data'!BB$2:BB$100, MATCH('Project Info'!$G51,'Proposed Data'!$A$2:$A$100,0))/Calculations!$E$8,0) -> 0 | J51: =IFERROR(INDEX('Proposed Data'!BC$2:BC$100, MATCH('Project Info'!$G51,'Proposed Data'!$A$2:$A$100,0))/Calculations!$E$8,0) -> 0 | K51: =IFERROR(INDEX('Proposed Data'!BD$2:BD$100, MATCH('Project Info'!$G51,'Proposed Data'!$A$2:$A$100,0))/Calculations!$E$8,0) -> 0 | L51: =IFERROR(INDEX('Proposed Data'!BE$2:BE$100, MATCH('Project Info'!$G51,'Proposed Data'!$A$2:$A$100,0))/Calculations!$E$8,0) -> 0 | M51: =IFERROR(INDEX('Proposed Data'!BF$2:BF$100, MATCH('Project Info'!$G51,'Proposed Data'!$A$2:$A$100,0))/Calculations!$E$8,0) -> 0
G52: =Proposed!C$94 -> 0 | I52: =IFERROR(INDEX('Proposed Data'!BB$2:BB$100, MATCH('Project Info'!$G52,'Proposed Data'!$A$2:$A$100,0))/Calculations!$E$8,0) -> 0 | J52: =IFERROR(INDEX('Proposed Data'!BC$2:BC$100, MATCH('Project Info'!$G52,'Proposed Data'!$A$2:$A$100,0))/Calculations!$E$8,0) -> 0 | K52: =IFERROR(INDEX('Proposed Data'!BD$2:BD$100, MATCH('Project Info'!$G52,'Proposed Data'!$A$2:$A$100,0))/Calculations!$E$8,0) -> 0 | L52: =IFERROR(INDEX('Proposed Data'!BE$2:BE$100, MATCH('Project Info'!$G52,'Proposed Data'!$A$2:$A$100,0))/Calculations!$E$8,0) -> 0 | M52: =IFERROR(INDEX('Proposed Data'!BF$2:BF$100, MATCH('Project Info'!$G52,'Proposed Data'!$A$2:$A$100,0))/Calculations!$E$8,0) -> 0
G53: =Proposed!C$108 -> 0 | I53: =IFERROR(INDEX('Proposed Data'!BB$2:BB$100, MATCH('Project Info'!$G53,'Proposed Data'!$A$2:$A$100,0))/Calculations!$E$8,0) -> 0 | J53: =IFERROR(INDEX('Proposed Data'!BC$2:BC$100, MATCH('Project Info'!$G53,'Proposed Data'!$A$2:$A$100,0))/Calculations!$E$8,0) -> 0 | K53: =IFERROR(INDEX('Proposed Data'!BD$2:BD$100, MATCH('Project Info'!$G53,'Proposed Data'!$A$2:$A$100,0))/Calculations!$E$8,0) -> 0 | L53: =IFERROR(INDEX('Proposed Data'!BE$2:BE$100, MATCH('Project Info'!$G53,'Proposed Data'!$A$2:$A$100,0))/Calculations!$E$8,0) -> 0 | M53: =IFERROR(INDEX('Proposed Data'!BF$2:BF$100, MATCH('Project Info'!$G53,'Proposed Data'!$A$2:$A$100,0))/Calculations!$E$8,0) -> 0
G54: =Proposed!C$122 -> 0 | I54: =IFERROR(INDEX('Proposed Data'!BB$2:BB$100, MATCH('Project Info'!$G54,'Proposed Data'!$A$2:$A$100,0))/Calculations!$E$8,0) -> 0 | J54: =IFERROR(INDEX('Proposed Data'!BC$2:BC$100, MATCH('Project Info'!$G54,'Proposed Data'!$A$2:$A$100,0))/Calculations!$E$8,0) -> 0 | K54: =IFERROR(INDEX('Proposed Data'!BD$2:BD$100, MATCH('Project Info'!$G54,'Proposed Data'!$A$2:$A$100,0))/Calculations!$E$8,0) -> 0 | L54: =IFERROR(INDEX('Proposed Data'!BE$2:BE$100, MATCH('Project Info'!$G54,'Proposed Data'!$A$2:$A$100,0))/Calculations!$E$8,0) -> 0 | M54: =IFERROR(INDEX('Proposed Data'!BF$2:BF$100, MATCH('Project Info'!$G54,'Proposed Data'!$A$2:$A$100,0))/Calculations!$E$8,0) -> 0
G55: =Proposed!C$136 -> 0 | I55: =IFERROR(INDEX('Proposed Data'!BB$2:BB$100, MATCH('Project Info'!$G55,'Proposed Data'!$A$2:$A$100,0))/Calculations!$E$8,0) -> 0 | J55: =IFERROR(INDEX('Proposed Data'!BC$2:BC$100, MATCH('Project Info'!$G55,'Proposed Data'!$A$2:$A$100,0))/Calculations!$E$8,0) -> 0 | K55: =IFERROR(INDEX('Proposed Data'!BD$2:BD$100, MATCH('Project Info'!$G55,'Proposed Data'!$A$2:$A$100,0))/Calculations!$E$8,0) -> 0 | L55: =IFERROR(INDEX('Proposed Data'!BE$2:BE$100, MATCH('Project Info'!$G55,'Proposed Data'!$A$2:$A$100,0))/Calculations!$E$8,0) -> 0 | M55: =IFERROR(INDEX('Proposed Data'!BF$2:BF$100, MATCH('Project Info'!$G55,'Proposed Data'!$A$2:$A$100,0))/Calculations!$E$8,0) -> 0
G57: =Calculations!A$9 -> LEED Baseline | I57: =IF($I$19=Menus!$E$2,I$41,IF(I44=0,I$41,I44)) -> 0.11840077 | J57: =IF($I$19=Menus!$E$2,J$41,IF(J44=0,J$41,J44)) -> 0.05306 | K57: =IF($I$19=Menus!$E$2,K$41,IF(K44=0,K$41,K44)) -> 0 | L57: =IF($I$19=Menus!$E$2,L$41,IF(L44=0,L$41,L44)) -> 0.29307121 | M57: =IF($I$19=Menus!$E$2,M$41,IF(M44=0,M$41,M44)) -> 0.29307121
G58: =Calculations!A$10 -> Code Baseline | I58: =IF($I$19=Menus!$E$2,I$41,IF(I45=0,I$41,I45)) -> 0.11840077 | J58: =IF($I$19=Menus!$E$2,J$41,IF(J45=0,J$41,J45)) -> 0.05306 | K58: =IF($I$19=Menus!$E$2,K$41,IF(K45=0,K$41,K45)) -> 0 | L58: =IF($I$19=Menus!$E$2,L$41,IF(L45=0,L$41,L45)) -> 0.29307121 | M58: =IF($I$19=Menus!$E$2,M$41,IF(M45=0,M$41,M45)) -> 0.29307121
G59: Proposed Case 1 | I59: =IF($I$19=Menus!$E$2,I$41,IF(I46=0,I$41,I46)) -> 0.11840077 | J59: =IF($I$19=Menus!$E$2,J$41,IF(J46=0,J$41,J46)) -> 0.05306 | K59: =IF($I$19=Menus!$E$2,K$41,IF(K46=0,K$41,K46)) -> 0 | L59: =IF($I$19=Menus!$E$2,L$41,IF(L46=0,L$41,L46)) -> 0.29307121 | M59: =IF($I$19=Menus!$E$2,M$41,IF(M46=0,M$41,M46)) -> 0.29307121
G60: Proposed Case 2 | I60: =IF($I$19=Menus!$E$2,I$41,IF(I47=0,I$41,I47)) -> 0.11840077 | J60: =IF($I$19=Menus!$E$2,J$41,IF(J47=0,J$41,J47)) -> 0.05306 | K60: =IF($I$19=Menus!$E$2,K$41,IF(K47=0,K$41,K47)) -> 0 | L60: =IF($I$19=Menus!$E$2,L$41,IF(L47=0,L$41,L47)) -> 0.29307121 | M60: =IF($I$19=Menus!$E$2,M$41,IF(M47=0,M$41,M47)) -> 0.29307121
G61: Proposed Case 3 | I61: =IF($I$19=Menus!$E$2,I$41,IF(I48=0,I$41,I48)) -> 0.11840077 | J61: =IF($I$19=Menus!$E$2,J$41,IF(J48=0,J$41,J48)) -> 0.05306 | K61: =IF($I$19=Menus!$E$2,K$41,IF(K48=0,K$41,K48)) -> 0 | L61: =IF($I$19=Menus!$E$2,L$41,IF(L48=0,L$41,L48)) -> 0.29307121 | M61: =IF($I$19=Menus!$E$2,M$41,IF(M48=0,M$41,M48)) -> 0.29307121
G62: Proposed Case 4 | I62: =IF($I$19=Menus!$E$2,I$41,IF(I49=0,I$41,I49)) -> 0.11840077 | J62: =IF($I$19=Menus!$E$2,J$41,IF(J49=0,J$41,J49)) -> 0.05306 | K62: =IF($I$19=Menus!$E$2,K$41,IF(K49=0,K$41,K49)) -> 0 | L62: =IF($I$19=Menus!$E$2,L$41,IF(L49=0,L$41,L49)) -> 0.29307121 | M62: =IF($I$19=Menus!$E$2,M$41,IF(M49=0,M$41,M49)) -> 0.29307121
G63: Proposed Case 5 | I63: =IF($I$19=Menus!$E$2,I$41,IF(I50=0,I$41,I50)) -> 0.11840077 | J63: =IF($I$19=Menus!$E$2,J$41,IF(J50=0,J$41,J50)) -> 0.05306 | K63: =IF($I$19=Menus!$E$2,K$41,IF(K50=0,K$41,K50)) -> 0 | L63: =IF($I$19=Menus!$E$2,L$41,IF(L50=0,L$41,L50)) -> 0.29307121 | M63: =IF($I$19=Menus!$E$2,M$41,IF(M50=0,M$41,M50)) -> 0.29307121
G64: Proposed Case 6 | I64: =IF($I$19=Menus!$E$2,I$41,IF(I51=0,I$41,I51)) -> 0.11840077 | J64: =IF($I$19=Menus!$E$2,J$41,IF(J51=0,J$41,J51)) -> 0.05306 | K64: =IF($I$19=Menus!$E$2,K$41,IF(K51=0,K$41,K51)) -> 0 | L64: =IF($I$19=Menus!$E$2,L$41,IF(L51=0,L$41,L51)) -> 0.29307121 | M64: =IF($I$19=Menus!$E$2,M$41,IF(M51=0,M$41,M51)) -> 0.29307121
G65: Proposed Case 7 | I65: =IF($I$19=Menus!$E$2,I$41,IF(I52=0,I$41,I52)) -> 0.11840077 | J65: =IF($I$19=Menus!$E$2,J$41,IF(J52=0,J$41,J52)) -> 0.05306 | K65: =IF($I$19=Menus!$E$2,K$41,IF(K52=0,K$41,K52)) -> 0 | L65: =IF($I$19=Menus!$E$2,L$41,IF(L52=0,L$41,L52)) -> 0.29307121 | M65: =IF($I$19=Menus!$E$2,M$41,IF(M52=0,M$41,M52)) -> 0.29307121
G66: Proposed Case 8 | I66: =IF($I$19=Menus!$E$2,I$41,IF(I53=0,I$41,I53)) -> 0.11840077 | J66: =IF($I$19=Menus!$E$2,J$41,IF(J53=0,J$41,J53)) -> 0.05306 | K66: =IF($I$19=Menus!$E$2,K$41,IF(K53=0,K$41,K53)) -> 0 | L66: =IF($I$19=Menus!$E$2,L$41,IF(L53=0,L$41,L53)) -> 0.29307121 | M66: =IF($I$19=Menus!$E$2,M$41,IF(M53=0,M$41,M53)) -> 0.29307121
G67: Proposed Case 9 | I67: =IF($I$19=Menus!$E$2,I$41,IF(I54=0,I$41,I54)) -> 0.11840077 | J67: =IF($I$19=Menus!$E$2,J$41,IF(J54=0,J$41,J54)) -> 0.05306 | K67: =IF($I$19=Menus!$E$2,K$41,IF(K54=0,K$41,K54)) -> 0 | L67: =IF($I$19=Menus!$E$2,L$41,IF(L54=0,L$41,L54)) -> 0.29307121 | M67: =IF($I$19=Menus!$E$2,M$41,IF(M54=0,M$41,M54)) -> 0.29307121
G68: Proposed Case 10 | I68: =IF($I$19=Menus!$E$2,I$41,IF(I55=0,I$41,I55)) -> 0.11840077 | J68: =IF($I$19=Menus!$E$2,J$41,IF(J55=0,J$41,J55)) -> 0.05306 | K68: =IF($I$19=Menus!$E$2,K$41,IF(K55=0,K$41,K55)) -> 0 | L68: =IF($I$19=Menus!$E$2,L$41,IF(L55=0,L$41,L55)) -> 0.29307121 | M68: =IF($I$19=Menus!$E$2,M$41,IF(M55=0,M$41,M55)) -> 0.29307121
G70: =Calculations!A$9 -> LEED Baseline | I70: ='BL Data'!AU$2 -> 0.036342321 | J70: ='BL Data'!AV$2 -> 0 | K70: ='BL Data'!AW$2 -> 0 | L70: ='BL Data'!AX$2 -> 0 | M70: ='BL Data'!AY$2 -> 0
G71: =Calculations!A$10 -> Code Baseline | I71: ='BL Data'!AU$6 -> 0 | J71: ='BL Data'!AV$6 -> 0 | K71: ='BL Data'!AW$6 -> 0 | L71: ='BL Data'!AX$6 -> 0 | M71: ='BL Data'!AY$6 -> 0
G72: =Proposed!C$10 -> Primary 0° | I72: =IFERROR(INDEX('Proposed Data'!AU$2:AU$100, MATCH('Project Info'!$G72,'Proposed Data'!$A$2:$A$100,0))/Calculations!$E$8,0) -> 0.036342321 | J72: =IFERROR(INDEX('Proposed Data'!AV$2:AV$100, MATCH('Project Info'!$G72,'Proposed Data'!$A$2:$A$100,0))/Calculations!$E$8,0) -> 0 | K72: =IFERROR(INDEX('Proposed Data'!AW$2:AW$100, MATCH('Project Info'!$G72,'Proposed Data'!$A$2:$A$100,0))/Calculations!$E$8,0) -> 0 | L72: =IFERROR(INDEX('Proposed Data'!AX$2:AX$100, MATCH('Project Info'!$G72,'Proposed Data'!$A$2:$A$100,0))/Calculations!$E$8,0) -> 0 | M72: =IFERROR(INDEX('Proposed Data'!AY$2:AY$100, MATCH('Project Info'!$G72,'Proposed Data'!$A$2:$A$100,0))/Calculations!$E$8,0) -> 0
G73: =Proposed!C$24 -> 0 | I73: =IFERROR(INDEX('Proposed Data'!AU$2:AU$100, MATCH('Project Info'!$G73,'Proposed Data'!$A$2:$A$100,0))/Calculations!$E$8,0) -> 0 | J73: =IFERROR(INDEX('Proposed Data'!AV$2:AV$100, MATCH('Project Info'!$G73,'Proposed Data'!$A$2:$A$100,0))/Calculations!$E$8,0) -> 0 | K73: =IFERROR(INDEX('Proposed Data'!AW$2:AW$100, MATCH('Project Info'!$G73,'Proposed Data'!$A$2:$A$100,0))/Calculations!$E$8,0) -> 0 | L73: =IFERROR(INDEX('Proposed Data'!AX$2:AX$100, MATCH('Project Info'!$G73,'Proposed Data'!$A$2:$A$100,0))/Calculations!$E$8,0) -> 0 | M73: =IFERROR(INDEX('Proposed Data'!AY$2:AY$100, MATCH('Project Info'!$G73,'Proposed Data'!$A$2:$A$100,0))/Calculations!$E$8,0) -> 0
G74: =Proposed!C$38 -> 0 | I74: =IFERROR(INDEX('Proposed Data'!AU$2:AU$100, MATCH('Project Info'!$G74,'Proposed Data'!$A$2:$A$100,0))/Calculations!$E$8,0) -> 0 | J74: =IFERROR(INDEX('Proposed Data'!AV$2:AV$100, MATCH('Project Info'!$G74,'Proposed Data'!$A$2:$A$100,0))/Calculations!$E$8,0) -> 0 | K74: =IFERROR(INDEX('Proposed Data'!AW$2:AW$100, MATCH('Project Info'!$G74,'Proposed Data'!$A$2:$A$100,0))/Calculations!$E$8,0) -> 0 | L74: =IFERROR(INDEX('Proposed Data'!AX$2:AX$100, MATCH('Project Info'!$G74,'Proposed Data'!$A$2:$A$100,0))/Calculations!$E$8,0) -> 0 | M74: =IFERROR(INDEX('Proposed Data'!AY$2:AY$100, MATCH('Project Info'!$G74,'Proposed Data'!$A$2:$A$100,0))/Calculations!$E$8,0) -> 0
G75: =Proposed!C$52 -> 0 | I75: =IFERROR(INDEX('Proposed Data'!AU$2:AU$100, MATCH('Project Info'!$G75,'Proposed Data'!$A$2:$A$100,0))/Calculations!$E$8,0) -> 0 | J75: =IFERROR(INDEX('Proposed Data'!AV$2:AV$100, MATCH('Project Info'!$G75,'Proposed Data'!$A$2:$A$100,0))/Calculations!$E$8,0) -> 0 | K75: =IFERROR(INDEX('Proposed Data'!AW$2:AW$100, MATCH('Project Info'!$G75,'Proposed Data'!$A$2:$A$100,0))/Calculations!$E$8,0) -> 0 | L75: =IFERROR(INDEX('Proposed Data'!AX$2:AX$100, MATCH('Project Info'!$G75,'Proposed Data'!$A$2:$A$100,0))/Calculations!$E$8,0) -> 0 | M75: =IFERROR(INDEX('Proposed Data'!AY$2:AY$100, MATCH('Project Info'!$G75,'Proposed Data'!$A$2:$A$100,0))/Calculations!$E$8,0) -> 0
G76: =Proposed!C$66 -> 0 | I76: =IFERROR(INDEX('Proposed Data'!AU$2:AU$100, MATCH('Project Info'!$G76,'Proposed Data'!$A$2:$A$100,0))/Calculations!$E$8,0) -> 0 | J76: =IFERROR(INDEX('Proposed Data'!AV$2:AV$100, MATCH('Project Info'!$G76,'Proposed Data'!$A$2:$A$100,0))/Calculations!$E$8,0) -> 0 | K76: =IFERROR(INDEX('Proposed Data'!AW$2:AW$100, MATCH('Project Info'!$G76,'Proposed Data'!$A$2:$A$100,0))/Calculations!$E$8,0) -> 0 | L76: =IFERROR(INDEX('Proposed Data'!AX$2:AX$100, MATCH('Project Info'!$G76,'Proposed Data'!$A$2:$A$100,0))/Calculations!$E$8,0) -> 0 | M76: =IFERROR(INDEX('Proposed Data'!AY$2:AY$100, MATCH('Project Info'!$G76,'Proposed Data'!$A$2:$A$100,0))/Calculations!$E$8,0) -> 0
G77: =Proposed!C$80 -> 0 | I77: =IFERROR(INDEX('Proposed Data'!AU$2:AU$100, MATCH('Project Info'!$G77,'Proposed Data'!$A$2:$A$100,0))/Calculations!$E$8,0) -> 0 | J77: =IFERROR(INDEX('Proposed Data'!AV$2:AV$100, MATCH('Project Info'!$G77,'Proposed Data'!$A$2:$A$100,0))/Calculations!$E$8,0) -> 0 | K77: =IFERROR(INDEX('Proposed Data'!AW$2:AW$100, MATCH('Project Info'!$G77,'Proposed Data'!$A$2:$A$100,0))/Calculations!$E$8,0) -> 0 | L77: =IFERROR(INDEX('Proposed Data'!AX$2:AX$100, MATCH('Project Info'!$G77,'Proposed Data'!$A$2:$A$100,0))/Calculations!$E$8,0) -> 0 | M77: =IFERROR(INDEX('Proposed Data'!AY$2:AY$100, MATCH('Project Info'!$G77,'Proposed Data'!$A$2:$A$100,0))/Calculations!$E$8,0) -> 0
G78: =Proposed!C$94 -> 0 | I78: =IFERROR(INDEX('Proposed Data'!AU$2:AU$100, MATCH('Project Info'!$G78,'Proposed Data'!$A$2:$A$100,0))/Calculations!$E$8,0) -> 0 | J78: =IFERROR(INDEX('Proposed Data'!AV$2:AV$100, MATCH('Project Info'!$G78,'Proposed Data'!$A$2:$A$100,0))/Calculations!$E$8,0) -> 0 | K78: =IFERROR(INDEX('Proposed Data'!AW$2:AW$100, MATCH('Project Info'!$G78,'Proposed Data'!$A$2:$A$100,0))/Calculations!$E$8,0) -> 0 | L78: =IFERROR(INDEX('Proposed Data'!AX$2:AX$100, MATCH('Project Info'!$G78,'Proposed Data'!$A$2:$A$100,0))/Calculations!$E$8,0) -> 0 | M78: =IFERROR(INDEX('Proposed Data'!AY$2:AY$100, MATCH('Project Info'!$G78,'Proposed Data'!$A$2:$A$100,0))/Calculations!$E$8,0) -> 0
G79: =Proposed!C$108 -> 0 | I79: =IFERROR(INDEX('Proposed Data'!AU$2:AU$100, MATCH('Project Info'!$G79,'Proposed Data'!$A$2:$A$100,0))/Calculations!$E$8,0) -> 0 | J79: =IFERROR(INDEX('Proposed Data'!AV$2:AV$100, MATCH('Project Info'!$G79,'Proposed Data'!$A$2:$A$100,0))/Calculations!$E$8,0) -> 0 | K79: =IFERROR(INDEX('Proposed Data'!AW$2:AW$100, MATCH('Project Info'!$G79,'Proposed Data'!$A$2:$A$100,0))/Calculations!$E$8,0) -> 0 | L79: =IFERROR(INDEX('Proposed Data'!AX$2:AX$100, MATCH('Project Info'!$G79,'Proposed Data'!$A$2:$A$100,0))/Calculations!$E$8,0) -> 0 | M79: =IFERROR(INDEX('Proposed Data'!AY$2:AY$100, MATCH('Project Info'!$G79,'Proposed Data'!$A$2:$A$100,0))/Calculations!$E$8,0) -> 0
G80: =Proposed!C$122 -> 0 | I80: =IFERROR(INDEX('Proposed Data'!AU$2:AU$100, MATCH('Project Info'!$G80,'Proposed Data'!$A$2:$A$100,0))/Calculations!$E$8,0) -> 0 | J80: =IFERROR(INDEX('Proposed Data'!AV$2:AV$100, MATCH('Project Info'!$G80,'Proposed Data'!$A$2:$A$100,0))/Calculations!$E$8,0) -> 0 | K80: =IFERROR(INDEX('Proposed Data'!AW$2:AW$100, MATCH('Project Info'!$G80,'Proposed Data'!$A$2:$A$100,0))/Calculations!$E$8,0) -> 0 | L80: =IFERROR(INDEX('Proposed Data'!AX$2:AX$100, MATCH('Project Info'!$G80,'Proposed Data'!$A$2:$A$100,0))/Calculations!$E$8,0) -> 0 | M80: =IFERROR(INDEX('Proposed Data'!AY$2:AY$100, MATCH('Project Info'!$G80,'Proposed Data'!$A$2:$A$100,0))/Calculations!$E$8,0) -> 0
G81: =Proposed!C$136 -> 0 | I81: =IFERROR(INDEX('Proposed Data'!AU$2:AU$100, MATCH('Project Info'!$G81,'Proposed Data'!$A$2:$A$100,0))/Calculations!$E$8,0) -> 0 | J81: =IFERROR(INDEX('Proposed Data'!AV$2:AV$100, MATCH('Project Info'!$G81,'Proposed Data'!$A$2:$A$100,0))/Calculations!$E$8,0) -> 0 | K81: =IFERROR(INDEX('Proposed Data'!AW$2:AW$100, MATCH('Project Info'!$G81,'Proposed Data'!$A$2:$A$100,0))/Calculations!$E$8,0) -> 0 | L81: =IFERROR(INDEX('Proposed Data'!AX$2:AX$100, MATCH('Project Info'!$G81,'Proposed Data'!$A$2:$A$100,0))/Calculations!$E$8,0) -> 0 | M81: =IFERROR(INDEX('Proposed Data'!AY$2:AY$100, MATCH('Project Info'!$G81,'Proposed Data'!$A$2:$A$100,0))/Calculations!$E$8,0) -> 0
G83: =Calculations!A$9 -> LEED Baseline | I83: =IF($I$26=Menus!$E$2,I$42,IF(I70=0,I$42,I70)) -> 0.03634083 | J83: =IF($I$26=Menus!$E$2,J$42,IF(J70=0,J$42,J70)) -> 0.0145 | K83: =IF($I$26=Menus!$E$2,K$42,IF(K70=0,K$42,K70)) -> 0 | L83: =IF($I$26=Menus!$E$2,L$42,IF(L70=0,L$42,L70)) -> 0 | M83: =IF($I$26=Menus!$E$2,M$42,IF(M70=0,M$42,M70)) -> 0
G84: =Calculations!A$10 -> Code Baseline | I84: =IF($I$26=Menus!$E$2,I$42,IF(I71=0,I$42,I71)) -> 0.03634083 | J84: =IF($I$26=Menus!$E$2,J$42,IF(J71=0,J$42,J71)) -> 0.0145 | K84: =IF($I$26=Menus!$E$2,K$42,IF(K71=0,K$42,K71)) -> 0 | L84: =IF($I$26=Menus!$E$2,L$42,IF(L71=0,L$42,L71)) -> 0 | M84: =IF($I$26=Menus!$E$2,M$42,IF(M71=0,M$42,M71)) -> 0
G85: Proposed Case 1 | I85: =IF($I$26=Menus!$E$2,I$42,IF(I72=0,I$42,I72)) -> 0.03634083 | J85: =IF($I$26=Menus!$E$2,J$42,IF(J72=0,J$42,J72)) -> 0.0145 | K85: =IF($I$26=Menus!$E$2,K$42,IF(K72=0,K$42,K72)) -> 0 | L85: =IF($I$26=Menus!$E$2,L$42,IF(L72=0,L$42,L72)) -> 0 | M85: =IF($I$26=Menus!$E$2,M$42,IF(M72=0,M$42,M72)) -> 0
G86: Proposed Case 2 | I86: =IF($I$26=Menus!$E$2,I$42,IF(I73=0,I$42,I73)) -> 0.03634083 | J86: =IF($I$26=Menus!$E$2,J$42,IF(J73=0,J$42,J73)) -> 0.0145 | K86: =IF($I$26=Menus!$E$2,K$42,IF(K73=0,K$42,K73)) -> 0 | L86: =IF($I$26=Menus!$E$2,L$42,IF(L73=0,L$42,L73)) -> 0 | M86: =IF($I$26=Menus!$E$2,M$42,IF(M73=0,M$42,M73)) -> 0
G87: Proposed Case 3 | I87: =IF($I$26=Menus!$E$2,I$42,IF(I74=0,I$42,I74)) -> 0.03634083 | J87: =IF($I$26=Menus!$E$2,J$42,IF(J74=0,J$42,J74)) -> 0.0145 | K87: =IF($I$26=Menus!$E$2,K$42,IF(K74=0,K$42,K74)) -> 0 | L87: =IF($I$26=Menus!$E$2,L$42,IF(L74=0,L$42,L74)) -> 0 | M87: =IF($I$26=Menus!$E$2,M$42,IF(M74=0,M$42,M74)) -> 0
G88: Proposed Case 4 | I88: =IF($I$26=Menus!$E$2,I$42,IF(I75=0,I$42,I75)) -> 0.03634083 | J88: =IF($I$26=Menus!$E$2,J$42,IF(J75=0,J$42,J75)) -> 0.0145 | K88: =IF($I$26=Menus!$E$2,K$42,IF(K75=0,K$42,K75)) -> 0 | L88: =IF($I$26=Menus!$E$2,L$42,IF(L75=0,L$42,L75)) -> 0 | M88: =IF($I$26=Menus!$E$2,M$42,IF(M75=0,M$42,M75)) -> 0
G89: Proposed Case 5 | I89: =IF($I$26=Menus!$E$2,I$42,IF(I76=0,I$42,I76)) -> 0.03634083 | J89: =IF($I$26=Menus!$E$2,J$42,IF(J76=0,J$42,J76)) -> 0.0145 | K89: =IF($I$26=Menus!$E$2,K$42,IF(K76=0,K$42,K76)) -> 0 | L89: =IF($I$26=Menus!$E$2,L$42,IF(L76=0,L$42,L76)) -> 0 | M89: =IF($I$26=Menus!$E$2,M$42,IF(M76=0,M$42,M76)) -> 0
G90: Proposed Case 6 | I90: =IF($I$26=Menus!$E$2,I$42,IF(I77=0,I$42,I77)) -> 0.03634083 | J90: =IF($I$26=Menus!$E$2,J$42,IF(J77=0,J$42,J77)) -> 0.0145 | K90: =IF($I$26=Menus!$E$2,K$42,IF(K77=0,K$42,K77)) -> 0 | L90: =IF($I$26=Menus!$E$2,L$42,IF(L77=0,L$42,L77)) -> 0 | M90: =IF($I$26=Menus!$E$2,M$42,IF(M77=0,M$42,M77)) -> 0
G91: Proposed Case 7 | I91: =IF($I$26=Menus!$E$2,I$42,IF(I78=0,I$42,I78)) -> 0.03634083 | J91: =IF($I$26=Menus!$E$2,J$42,IF(J78=0,J$42,J78)) -> 0.0145 | K91: =IF($I$26=Menus!$E$2,K$42,IF(K78=0,K$42,K78)) -> 0 | L91: =IF($I$26=Menus!$E$2,L$42,IF(L78=0,L$42,L78)) -> 0 | M91: =IF($I$26=Menus!$E$2,M$42,IF(M78=0,M$42,M78)) -> 0
G92: Proposed Case 8 | I92: =IF($I$26=Menus!$E$2,I$42,IF(I79=0,I$42,I79)) -> 0.03634083 | J92: =IF($I$26=Menus!$E$2,J$42,IF(J79=0,J$42,J79)) -> 0.0145 | K92: =IF($I$26=Menus!$E$2,K$42,IF(K79=0,K$42,K79)) -> 0 | L92: =IF($I$26=Menus!$E$2,L$42,IF(L79=0,L$42,L79)) -> 0 | M92: =IF($I$26=Menus!$E$2,M$42,IF(M79=0,M$42,M79)) -> 0
G93: Proposed Case 9 | I93: =IF($I$26=Menus!$E$2,I$42,IF(I80=0,I$42,I80)) -> 0.03634083 | J93: =IF($I$26=Menus!$E$2,J$42,IF(J80=0,J$42,J80)) -> 0.0145 | K93: =IF($I$26=Menus!$E$2,K$42,IF(K80=0,K$42,K80)) -> 0 | L93: =IF($I$26=Menus!$E$2,L$42,IF(L80=0,L$42,L80)) -> 0 | M93: =IF($I$26=Menus!$E$2,M$42,IF(M80=0,M$42,M80)) -> 0
G94: Proposed Case 10 | I94: =IF($I$26=Menus!$E$2,I$42,IF(I81=0,I$42,I81)) -> 0.03634083 | J94: =IF($I$26=Menus!$E$2,J$42,IF(J81=0,J$42,J81)) -> 0.0145 | K94: =IF($I$26=Menus!$E$2,K$42,IF(K81=0,K$42,K81)) -> 0 | L94: =IF($I$26=Menus!$E$2,L$42,IF(L81=0,L$42,L81)) -> 0 | M94: =IF($I$26=Menus!$E$2,M$42,IF(M81=0,M$42,M81)) -> 0

Sheet BL Data
A1: Option | B1: Results Path | C1: Timestamp | D1: Climate File | E1: Climate Zone | F1: Heating Unmet Hours | G1: Cooling Unmet Hours | H1: =_xlfn.CONCAT("Total Energy Use ",IF('Project Info'!$I$4=Menus!$A$2,"(kWh)","(kBtu)")) -> Total Energy Use (kBtu) | I1: =_xlfn.CONCAT("Energy Use Intensity ",IF('Project Info'!$I$4=Menus!$A$2,"(kWh/m²)","(kBtu/ft²)")) -> Energy Use Intensity (kBtu/ft²) | J1: =_xlfn.CONCAT("Electricity ",IF('Project Info'!$I$4=Menus!$A$2,"(kWh)","(kBtu)")) -> Electricity (kBtu) | K1: =_xlfn.CONCAT("Gas ",IF('Project Info'!$I$4=Menus!$A$2,"(kWh)","(kBtu)")) -> Gas (kBtu) | L1: =_xlfn.CONCAT("Additional Fuel ",IF('Project Info'!$I$4=Menus!$A$2,"(kWh)","(kBtu)")) -> Additional Fuel (kBtu) | M1: =_xlfn.CONCAT("District Cooling ",IF('Project Info'!$I$4=Menus!$A$2,"(kWh)","(kBtu)")) -> District Cooling (kBtu) | N1: =_xlfn.CONCAT("District Heating ",IF('Project Info'!$I$4=Menus!$A$2,"(kWh)","(kBtu)")) -> District Heating (kBtu) | O1: =_xlfn.CONCAT("Heating - Electricity Energy Use ",IF('Project Info'!$I$4=Menus!$A$2,"(kWh)","(kBtu)")) -> Heating - Electricity Energy Use (kBtu) | P1: =_xlfn.CONCAT("Heating - Gas Energy Use ",IF('Project Info'!$I$4=Menus!$A$2,"(kWh)","(kBtu)")) -> Heating - Gas Energy Use (kBtu) | Q1: =_xlfn.CONCAT("Heating - Additonal Fuel Energy Use ",IF('Project Info'!$I$4=Menus!$A$2,"(kWh)","(kBtu)")) -> Heating - Additonal Fuel Energy Use (kBtu) | R1: =_xlfn.CONCAT("Heating - District Heating Energy Use ",IF('Project Info'!$I$4=Menus!$A$2,"(kWh)","(kBtu)")) -> Heating - District Heating Energy Use (kBtu) | S1: =_xlfn.CONCAT("Cooling - Electricity Energy Use ",IF('Project Info'!$I$4=Menus!$A$2,"(kWh)","(kBtu)")) -> Cooling - Electricity Energy Use (kBtu) | T1: =_xlfn.CONCAT("Cooling - District Energy Use ",IF('Project Info'!$I$4=Menus!$A$2,"(kWh)","(kBtu)")) -> Cooling - District Energy Use (kBtu) | U1: =_xlfn.CONCAT("Interior Lighting - Electricity Energy Use ",IF('Project Info'!$I$4=Menus!$A$2,"(kWh)","(kBtu)")) -> Interior Lighting - Electricity Energy Use (kBtu) | V1: =_xlfn.CONCAT("Exterior Lighting - Electricity Energy Use ",IF('Project Info'!$I$4=Menus!$A$2,"(kWh)","(kBtu)")) -> Exterior Lighting - Electricity Energy Use (kBtu) | W1: =_xlfn.CONCAT("Interior Equipment - Electricity Energy Use ",IF('Project Info'!$I$4=Menus!$A$2,"(kWh)","(kBtu)")) -> Interior Equipment - Electricity Energy Use (kBtu) | X1: =_xlfn.CONCAT("Interior Equipment - Gas Energy Use ",IF('Project Info'!$I$4=Menus!$A$2,"(kWh)","(kBtu)")) -> Interior Equipment - Gas Energy Use (kBtu) | Y1: =_xlfn.CONCAT("Interior Equipment - Additional Fuel Energy Use ",IF('Project Info'!$I$4=Menus!$A$2,"(kWh)","(kBtu)")) -> Interior Equipment - Additional Fuel Energy Use (kBtu) | Z1: =_xlfn.CONCAT("Exterior Equipment - Energy Use ",IF('Project Info'!$I$4=Menus!$A$2,"(kWh)","(kBtu)")) -> Exterior Equipment - Energy Use (kBtu) | AA1: =_xlfn.CONCAT("Fans - Electricity Energy Use ",IF('Project Info'!$I$4=Menus!$A$2,"(kWh)","(kBtu)")) -> Fans - Electricity Energy Use (kBtu) | AB1: =_xlfn.CONCAT("Pumps - Electricity Energy Use ",IF('Project Info'!$I$4=Menus!$A$2,"(kWh)","(kBtu)")) -> Pumps - Electricity Energy Use (kBtu) | AC1: =_xlfn.CONCAT("Heat Rejection - Electricity Energy Use ",IF('Project Info'!$I$4=Menus!$A$2,"(kWh)","(kBtu)")) -> Heat Rejection - Electricity Energy Use (kBtu) | AD1: =_xlfn.CONCAT("Humidification - Electricity Energy Use ",IF('Project Info'!$I$4=Menus!$A$2,"(kWh)","(kBtu)")) -> Humidification - Electricity Energy Use (kBtu) | AE1: =_xlfn.CONCAT("Heat Recovery - Electricity Energy Use ",IF('Project Info'!$I$4=Menus!$A$2,"(kWh)","(kBtu)")) -> Heat Recovery - Electricity Energy Use (kBtu) | AF1: =_xlfn.CONCAT("Water Systems - Electricity Energy Use ",IF('Project Info'!$I$4=Menus!$A$2,"(kWh)","(kBtu)")) -> Water Systems - Electricity Energy Use (kBtu) | AG1: =_xlfn.CONCAT("Water Systems - Gas Energy Use ",IF('Project Info'!$I$4=Menus!$A$2,"(kWh)","(kBtu)")) -> Water Systems - Gas Energy Use (kBtu) | AH1: =_xlfn.CONCAT("Water Systems - Additional Fuel Energy Use ",IF('Project Info'!$I$4=Menus!$A$2,"(kWh)","(kBtu)")) -> Water Systems - Additional Fuel Energy Use (kBtu) | AI1: =_xlfn.CONCAT("Water Systems - District Heating Energy Use ",IF('Project Info'!$I$4=Menus!$A$2,"(kWh)","(kBtu)")) -> Water Systems - District Heating Energy Use (kBtu) | AJ1: =_xlfn.CONCAT("Refrigeration - Electricity Energy Use ",IF('Project Info'!$I$4=Menus!$A$2,"(kWh)","(kBtu)")) -> Refrigeration - Electricity Energy Use (kBtu) | AK1: =_xlfn.CONCAT("Generators Electricity Energy Use ",IF('Project Info'!$I$4=Menus!$A$2,"(kWh)","(kBtu)")) -> Generators Electricity Energy Use (kBtu) | AL1: =_xlfn.CONCAT("Misc 1 - Electricity Energy Use ",IF('Project Info'!$I$4=Menus!$A$2,"(kWh)","(kBtu)")) -> Misc 1 - Electricity Energy Use (kBtu) | AM1: =_xlfn.CONCAT("Misc 2 - Electricity Energy Use ",IF('Project Info'!$I$4=Menus!$A$2,"(kWh)","(kBtu)")) -> Misc 2 - Electricity Energy Use (kBtu) | AN1: =_xlfn.CONCAT("Total Water Use ",IF('Project Info'!$I$4=Menus!$A$2,"(m3)","(kGal)")) -> Total Water Use (kGal) | AO1: =_xlfn.CONCAT("Water Use Intensity ",IF('Project Info'!$I$4=Menus!$A$2,"(m³/m²)","(kGal/ft²)")) -> Water Use Intensity (kGal/ft²) | AP1: =_xlfn.CONCAT("Heat Rejection - Water Use ",IF('Project Info'!$I$4=Menus!$A$2,"(m3)","(kGal)")) -> Heat Rejection - Water Use (kGal) | AQ1: =_xlfn.CONCAT("Humidificatopn - Water Use ",IF('Project Info'!$I$4=Menus!$A$2,"(m3)","(kGal)")) -> Humidificatopn - Water Use (kGal) | AR1: =_xlfn.CONCAT("Water System - Water Use ",IF('Project Info'!$I$4=Menus!$A$2,"(m3)","(kGal)")) -> Water System - Water Use (kGal) | AS1: Total Energy Cost ($) | AT1: =_xlfn.CONCAT("Energy Cost Intensity (",IF('Project Info'!$I$4=Menus!$A$2,Menus!$E$10,Menus!$E$11),")") -> Energy Cost Intensity ($/ft²) | AU1: =_xlfn.CONCAT("Electricity Virtual Rate (",IF('Project Info'!$I$4=Menus!$A$2,Menus!$E$14,Menus!$E$15),")") -> Electricity Virtual Rate ($/kBtu) | AV1: =_xlfn.CONCAT("Gas Virtual Rate (",IF('Project Info'!$I$4=Menus!$A$2,Menus!$E$14,Menus!$E$15),")") -> Gas Virtual Rate ($/kBtu) | AW1: =_xlfn.CONCAT("Additional Fuel Virtual Rate (",IF('Project Info'!$I$4=Menus!$A$2,Menus!$E$14,Menus!$E$15),")") -> Additional Fuel Virtual Rate ($/kBtu) | AX1: =_xlfn.CONCAT("District Cooling Virtual Rate (",IF('Project Info'!$I$4=Menus!$A$2,Menus!$E$14,Menus!$E$15),")") -> District Cooling Virtual Rate ($/kBtu) | AY1: =_xlfn.CONCAT("District Heating Virtual Rate (",IF('Project Info'!$I$4=Menus!$A$2,Menus!$E$14,Menus!$E$15),")") -> District Heating Virtual Rate ($/kBtu) | AZ1: =_xlfn.CONCAT("Total Carbon Emissions (",IF('Project Info'!$I$4=Menus!$A$2,Menus!$G$6,Menus!$G$7),")") -> Total Carbon Emissions (kg CO2e) | BA1: =_xlfn.CONCAT("Carbon Emission Intensity (",IF('Project Info'!$I$4=Menus!$A$2,Menus!$G$10,Menus!$G$11),")") -> Carbon Emission Intensity (kg CO2e/ft²) | BB1: =_xlfn.CONCAT("Electricity Virtual Rate (",IF('Project Info'!$I$4=Menus!$A$2,Menus!$G$14,Menus!$G$15),")") -> Electricity Virtual Rate (kg CO2e/kBtu) | BC1: =_xlfn.CONCAT("Gas Virtual Rate (",IF('Project Info'!$I$4=Menus!$A$2,Menus!$G$14,Menus!$G$15),")") -> Gas Virtual Rate (kg CO2e/kBtu) | BD1: =_xlfn.CONCAT("Additional Fuel Virtual Rate (",IF('Project Info'!$I$4=Menus!$A$2,Menus!$G$14,Menus!$G$15),")") -> Additional Fuel Virtual Rate (kg CO2e/kBtu) | BE1: =_xlfn.CONCAT("District Cooling Virtual Rate (",IF('Project Info'!$I$4=Menus!$A$2,Menus!$G$14,Menus!$G$15),")") -> District Cooling Virtual Rate (kg CO2e/kBtu) | BF1: =_xlfn.CONCAT("District Heating Virtual Rate (",IF('Project Info'!$I$4=Menus!$A$2,Menus!$G$14,Menus!$G$15),")") -> District Heating Virtual Rate (kg CO2e/kBtu) | BG1: =_xlfn.CONCAT("Peak Heating ",IF('Project Info'!$I$4=Menus!$A$2,"(kW)","(kBtuh)")) -> Peak Heating (kBtuh) | BH1: =_xlfn.CONCAT("Peak Heating ",IF('Project Info'!$I$4=Menus!$A$2,"(W/m²)","(Btuh/ft²)")) -> Peak Heating (Btuh/ft²) | BI1: Peak Heating Hour | BJ1: =_xlfn.CONCAT("Peak Cooling ",IF('Project Info'!$I$4=Menus!$A$2,"(kW)","(kBtuh)")) -> Peak Cooling (kBtuh) | BK1: =_xlfn.CONCAT("Peak Cooling ",IF('Project Info'!$I$4=Menus!$A$2,"(W/m²)","(Btuh/ft²)")) -> Peak Cooling (Btuh/ft²) | BL1: Peak Cooling Hour | BM1: Peak Electrical Load (W) | BN1: =_xlfn.CONCAT("Peak Electrical Load Intensity ",IF('Project Info'!$I$4=Menus!$A$2,"(W/m²)","(W/ft²)")) -> Peak Electrical Load Intensity (W/ft²) | BO1: Peak Electricity Hour | BP1: =_xlfn.CONCAT("Conditioned Floor Area ",IF('Project Info'!$I$4=Menus!$A$2,"(m²)","(ft²)")) -> Conditioned Floor Area (ft²) | BQ1: =_xlfn.CONCAT("Total Floor Area ",IF('Project Info'!$I$4=Menus!$A$2,"(m²)","(ft²)")) -> Total Floor Area (ft²) | BR1: =_xlfn.CONCAT("Gross Wall Area ",IF('Project Info'!$I$4=Menus!$A$2,"(m²)","(ft²)")) -> Gross Wall Area (ft²) | BS1: =_xlfn.CONCAT("Above Ground Gross Wall Area ",IF('Project Info'!$I$4=Menus!$A$2,"(m²)","(ft²)")) -> Above Ground Gross Wall Area (ft²) | BT1: =_xlfn.CONCAT("Above Ground North Wall Area ",IF('Project Info'!$I$4=Menus!$A$2,"(m²)","(ft²)")) -> Above Ground North Wall Area (ft²) | BU1: =_xlfn.CONCAT("Above Ground East Wall Area ",IF('Project Info'!$I$4=Menus!$A$2,"(m²)","(ft²)")) -> Above Ground East Wall Area (ft²) | BV1: =_xlfn.CONCAT("Above Ground South Wall Area ",IF('Project Info'!$I$4=Menus!$A$2,"(m²)","(ft²)")) -> Above Ground South Wall Area (ft²) | BW1: =_xlfn.CONCAT("Above Ground East Wall Area ",IF('Project Info'!$I$4=Menus!$A$2,"(m²)","(ft²)")) -> Above Ground East Wall Area (ft²) | BX1: North WWR Nominal (%) | BY1: East WWR Nominal (%) | BZ1: South WWR Nominal (%) | CA1: West WWR Nominal (%) | CB1: Building WWR Actual (%) | CC1: North WWR Actual (%) | CD1: East WWR Actual (%) | CE1: South WWR Actual (%) | CF1: West WWR Actual (%) | CG1: =_xlfn.CONCAT("Gross Roof Area ",IF('Project Info'!$I$4=Menus!$A$2,"(m²)","(ft²)")) -> Gross Roof Area (ft²) | CH1: Skylight Roof Ratio (%) | CI1: Exterior Wall to Floor Area Ratio | CJ1: Exterior Roof to Floor Area Ratio | CK1: Exterior Envelope to Floor Area Ratio | CL1: North Shading Type | CM1: North Shading Ratio (%) | CN1: West Shading Type | CO1: West Shading Ratio (%) | CP1: South Shading Type | CQ1: South Shading Ratio (%) | CR1: East Shading Type | CS1: East Shading Ratio (%) | CT1: =_xlfn.CONCAT("Vertical Weighted U-Value ",IF('Project Info'!$D$7=Menus!$C$2,"(W/m²·K)","(Btu/h·ft²·F)")) -> Vertical Weighted U-Value (Btu/h·ft²·F) | CU1: =_xlfn.CONCAT("Vertical Weighted R-Value ",IF('Project Info'!$D$7=Menus!$C$2,"(m²·K/W)","(ft²·h·F/Btu )")) -> Vertical Weighted R-Value (ft²·h·F/Btu ) | CV1: =_xlfn.CONCAT("Wall U-Value ",IF('Project Info'!$D$7=Menus!$C$2,"(W/m²·K)","(Btu/h·ft²·F)")) -> Wall U-Value (Btu/h·ft²·F) | CW1: =_xlfn.CONCAT("Wall 2 U-Value ",IF('Project Info'!$D$7=Menus!$C$2,"(W/m²·K)","(Btu/h·ft²·F)")) -> Wall 2 U-Value (Btu/h·ft²·F) | CX1: =_xlfn.CONCAT("Roof U-Value ",IF('Project Info'!$D$7=Menus!$C$2,"(W/m²·K)","(Btu/h·ft²·F)")) -> Roof U-Value (Btu/h·ft²·F) | CY1: =_xlfn.CONCAT("Exposed Floor U-Value ",IF('Project Info'!$D$7=Menus!$C$2,"(W/m²·K)","(Btu/h·ft²·F)")) -> Exposed Floor U-Value (Btu/h·ft²·F) | CZ1: =_xlfn.CONCAT("Slab on Grade U-Value ",IF('Project Info'!$D$7=Menus!$C$2,"(W/m²·K)","(Btu/h·ft²·F)")) -> Slab on Grade U-Value (Btu/h·ft²·F) | DA1: =_xlfn.CONCAT("Assembly U-Value ",IF('Project Info'!$D$7=Menus!$C$2,"(W/m²·K)","(Btu/h·ft²·F)")) -> Assembly U-Value (Btu/h·ft²·F) | DB1: =_xlfn.CONCAT("Glass U-Value ",IF('Project Info'!$D$7=Menus!$C$2,"(W/m²·K)","(Btu/h·ft²·F)")) -> Glass U-Value (Btu/h·ft²·F) | DC1: Glass SHGC | DD1: Glass VLT | DE1: Glass LSG | DF1: =_xlfn.CONCAT("Infiltration Rate ",IF('Project Info'!$D$7=Menus!$C$2,"(m³/s/m² façade)","(CFM/ft² facade)")) -> Infiltration Rate (CFM/ft² facade) | DG1: =_xlfn.CONCAT("Lighting Power Density ",IF('Project Info'!$D$7=Menus!$C$2,"(W/m²)","(W/ft²)")) -> Lighting Power Density (W/ft²) | DH1: =_xlfn.CONCAT("Conditioned Lighting Power Density ",IF('Project Info'!$D$7=Menus!$C$2,"(W/m²)","(W/ft²)")) -> Conditioned Lighting Power Density (W/ft²) | DI1: =_xlfn.CONCAT("Occupant Density ",IF('Project Info'!$D$7=Menus!$C$2,"(m/person²)","(ft²/person)")) -> Occupant Density (ft²/person) | DJ1: =_xlfn.CONCAT("Conditioned Occupant Density ",IF('Project Info'!$D$7=Menus!$C$2,"(m/person²)","(ft²/person)")) -> Conditioned Occupant Density (ft²/person) | DK1: =_xlfn.CONCAT("Equipment Power Density ",IF('Project Info'!$D$7=Menus!$C$2,"(W/m²)","(W/ft²)")) -> Equipment Power Density (W/ft²) | DL1: =_xlfn.CONCAT("Conditioned Equipment Power Density ",IF('Project Info'!$D$7=Menus!$C$2,"(W/m²)","(W/ft²)")) -> Conditioned Equipment Power Density (W/ft²) | DM1: =_xlfn.CONCAT("Total Ventilation Air Flow Rate ",IF('Project Info'!$D$7=Menus!$C$2,"(m²/s)","(CFM)")) -> Total Ventilation Air Flow Rate (CFM) | DN1: =_xlfn.CONCAT("Ventilation Air Flow Rate per Area ",IF('Project Info'!$D$7=Menus!$C$2,"(m3/s/m²)","(CFM/ft²)")) -> Ventilation Air Flow Rate per Area (CFM/ft²) | DO1: =_xlfn.CONCAT("Total Heating Airflow Rate ",IF('Project Info'!$D$7=Menus!$C$2,"(m²/s)","(CFM)")) -> Total Heating Airflow Rate (CFM) | DP1: =_xlfn.CONCAT("Heating Airflow Rate per Area ",IF('Project Info'!$D$7=Menus!$C$2,"(m3/s/m²)","(CFM/ft²)")) -> Heating Airflow Rate per Area (CFM/ft²) | DQ1: =_xlfn.CONCAT("Total Cooling Airflow Rate ",IF('Project Info'!$D$7=Menus!$C$2,"(m²/s)","(CFM)")) -> Total Cooling Airflow Rate (CFM) | DR1: =_xlfn.CONCAT("Cooling Airflow Rate per Area ",IF('Project Info'!$D$7=Menus!$C$2,"(m3/s/m²)","(CFM/ft²)")) -> Cooling Airflow Rate per Area (CFM/ft²) | DS1: Chiller Efficiency (COP) | DT1: Boiler Efficiency (COP) | DU1: DX Cooling Efficiency (COP) | DV1: DX Heating Efficiency (HSPF) | DW1: Heat Pump Cooling Efficiency (COP) | DX1: Heat Pump Heating Efficiency (COP) | DY1: Total Fan Power (kW) | DZ1: Total Pump Power (kW) | EA1: Service Hot Water Thermal Efficiency (COP) | EB1: Exterior Lighting (kW)
A2: ASHRAE 90.1-2010 Baseline 0° | B2: Casa De Amparo_v4z 1.pdf | C2: Jun 11, 2026 - 10:50 PM | D2: ASHRAE 90.1-2010 BASELINE ** Climate Zone 10 CA USA CTZRV2 WMO#=722860 | E2: 3B | F2: 50 | G2: 1565 | H2: 693000 | I2: 50.76 | J2: 693171.68 | K2: 0 | L2: 0 | M2: 0 | N2: 0 | O2: 37501.292 | P2: 0 | Q2: 0 | R2: 0 | S2: 145091.89 | T2: 0 | U2: 153372.81 | V2: 0 | W2: 180081.95 | X2: 0 | Y2: 0 | Z2: 0 | AA2: 177123.74 | AB2: 0 | AC2: 0 | AD2: 0 | AE2: 0 | AF2: 0 | AG2: 0 | AH2: 0 | AI2: 0 | AJ2: 0 | AK2: 0 | AL2: 0 | AM2: 0 | AN2: 0 | AO2: 0 | AP2: 0 | AQ2: 0 | AR2: 0 | AS2: 25385.3 | AT2: 1.8594565 | AU2: 0.036342321 | AV2: 0 | AW2: 0 | AX2: 0 | AY2: 0 | AZ2: 82075.428 | BA2: 6.011971 | BB2: 0.11840563 | BC2: 0.053 | BD2: 0 | BE2: 0 | BF2: 0 | BG2: 786 | BH2: 57.6 | BJ2: 360 | BK2: 26.4 | BM2: 49000 | BN2: 3.6 | BP2: 13652 | BQ2: 21103 | BR2: 11729 | BS2: 11729 | BT2: 2721 | BU2: 2651 | BV2: 3382 | BW2: 2975 | BX2: 8.2 | BY2: 10.4 | BZ2: 5.1 | CA2: 5.2 | CB2: 7.05 | CC2: 8.2322675 | CD2: 10.448887 | CE2: 5.0561798 | CF2: 5.210084 | CG2: 15695 | CH2: 0 | CI2: 0.85914152 | CJ2: 1.1496484 | CK2: 2.0087899 | CL2: None | CM2: 0 | CN2: None | CO2: 0 | CP2: None | CQ2: 0 | CR2: None | CS2: 0 | CT2: 0.1239786 | CU2: 8.0659081 | CV2: 0.084 | CW2: 0 | CX2: 0.047 | CY2: 0.053 | CZ2: 0.04 | DA2: 0.062166147 | DB2: 0.651 | DC2: 0.252 | DD2: 0.319 | DE2: 1.265873 | DF2: 0 | DG2: 0.54 | DH2: 0.54 | DI2: 109.2 | DJ2: 109.2 | DK2: 0.69 | DL2: 0.69 | DM2: 1672 | DN2: 0.122 | DO2: 10601 | DP2: 0.777 | DQ2: 10601 | DR2: 0.777 | DS2: 0 | DT2: 0 | DU2: 0 | DV2: 0 | DW2: 0 | DX2: 0 | DY2: 6.88 | DZ2: 0 | EA2: 0 | EB2: 0
A3: ASHRAE 90.1-2010 Baseline 90° | B3: Casa De Amparo_v4z 1.pdf | C3: Jun 11, 2026 - 10:50 PM | D3: ASHRAE 90.1-2010 BASELINE ** Climate Zone 10 CA USA CTZRV2 WMO#=722860 | E3: 3B | F3: 50 | G3: 1565 | H3: 696000 | I3: 50.98 | J3: 695833.04 | K3: 0 | L3: 0 | M3: 0 | N3: 0 | O3: 38006.268 | P3: 0 | Q3: 0 | R3: 0 | S3: 145037.3 | T3: 0 | U3: 153372.81 | V3: 0 | W3: 180081.95 | X3: 0 | Y3: 0 | Z3: 0 | AA3: 179334.72 | AB3: 0 | AC3: 0 | AD3: 0 | AE3: 0 | AF3: 0 | AG3: 0 | AH3: 0 | AI3: 0 | AJ3: 0 | AK3: 0 | AL3: 0 | AM3: 0 | AN3: 0 | AO3: 0 | AP3: 0 | AQ3: 0 | AR3: 0 | AS3: 25385.3 | AT3: 1.8594565 | AU3: 0.036342321 | AV3: 0 | AW3: 0 | AX3: 0 | AY3: 0 | AZ3: 82390.548 | BA3: 6.0350533 | BB3: 0.11840563 | BC3: 0.053 | BD3: 0 | BE3: 0 | BF3: 0 | BG3: 786 | BH3: 57.6 | BJ3: 360 | BK3: 26.4 | BM3: 49000 | BN3: 3.6 | BP3: 13652 | BQ3: 21103 | BR3: 11729 | BS3: 11729 | BT3: 2721 | BU3: 2651 | BV3: 3382 | BW3: 2975 | BX3: 8.2 | BY3: 10.4 | BZ3: 5.1 | CA3: 5.2 | CB3: 7.05 | CC3: 8.2322675 | CD3: 10.448887 | CE3: 5.0561798 | CF3: 5.210084 | CG3: 15695 | CH3: 0 | CI3: 0.85914152 | CJ3: 1.1496484 | CK3: 2.0087899 | CL3: None | CM3: 0 | CN3: None | CO3: 0 | CP3: None | CQ3: 0 | CR3: None | CS3: 0 | CT3: 0.1239786 | CU3: 8.0659081 | CV3: 0.084 | CW3: 0 | CX3: 0.047 | CY3: 0.053 | CZ3: 0.04 | DA3: 0.062166147 | DB3: 0.651 | DC3: 0.252 | DD3: 0.319 | DE3: 1.265873 | DF3: 0 | DG3: 0.54 | DH3: 0.54 | DI3: 109.2 | DJ3: 109.2 | DK3: 0.69 | DL3: 0.69 | DM3: 1672 | DN3: 0.122 | DO3: 10601 | DP3: 0.777 | DQ3: 10601 | DR3: 0.777 | DS3: 0 | DT3: 0 | DU3: 0 | DV3: 0 | DW3: 0 | DX3: 0 | DY3: 6.88 | DZ3: 0 | EA3: 0 | EB3: 0
A4: ASHRAE 90.1-2010 Baseline 180° | B4: Casa De Amparo_v4z 1.pdf | C4: Jun 11, 2026 - 10:50 PM | D4: ASHRAE 90.1-2010 BASELINE ** Climate Zone 10 CA USA CTZRV2 WMO#=722860 | E4: 3B | F4: 50 | G4: 1565 | H4: 686000 | I4: 50.25 | J4: 685835.88 | K4: 0 | L4: 0 | M4: 0 | N4: 0 | O4: 39261.884 | P4: 0 | Q4: 0 | R4: 0 | S4: 140536.87 | T4: 0 | U4: 153372.81 | V4: 0 | W4: 180081.95 | X4: 0 | Y4: 0 | Z4: 0 | AA4: 172582.37 | AB4: 0 | AC4: 0 | AD4: 0 | AE4: 0 | AF4: 0 | AG4: 0 | AH4: 0 | AI4: 0 | AJ4: 0 | AK4: 0 | AL4: 0 | AM4: 0 | AN4: 0 | AO4: 0 | AP4: 0 | AQ4: 0 | AR4: 0 | AS4: 25385.3 | AT4: 1.8594565 | AU4: 0.036342321 | AV4: 0 | AW4: 0 | AX4: 0 | AY4: 0 | AZ4: 81206.828 | BA4: 5.9483466 | BB4: 0.11840563 | BC4: 0.053 | BD4: 0 | BE4: 0 | BF4: 0 | BG4: 786 | BH4: 57.6 | BJ4: 360 | BK4: 26.4 | BM4: 49000 | BN4: 3.6 | BP4: 13652 | BQ4: 21103 | BR4: 11729 | BS4: 11729 | BT4: 2721 | BU4: 2651 | BV4: 3382 | BW4: 2975 | BX4: 8.2 | BY4: 10.4 | BZ4: 5.1 | CA4: 5.2 | CB4: 7.05 | CC4: 8.2322675 | CD4: 10.448887 | CE4: 5.0561798 | CF4: 5.210084 | CG4: 15695 | CH4: 0 | CI4: 0.85914152 | CJ4: 1.1496484 | CK4: 2.0087899 | CL4: None | CM4: 0 | CN4: None | CO4: 0 | CP4: None | CQ4: 0 | CR4: None | CS4: 0 | CT4: 0.1239786 | CU4: 8.0659081 | CV4: 0.084 | CW4: 0 | CX4: 0.047 | CY4: 0.053 | CZ4: 0.04 | DA4: 0.062166147 | DB4: 0.651 | DC4: 0.252 | DD4: 0.319 | DE4: 1.265873 | DF4: 0 | DG4: 0.54 | DH4: 0.54 | DI4: 109.2 | DJ4: 109.2 | DK4: 0.69 | DL4: 0.69 | DM4: 1672 | DN4: 0.122 | DO4: 10601 | DP4: 0.777 | DQ4: 10601 | DR4: 0.777 | DS4: 0 | DT4: 0 | DU4: 0 | DV4: 0 | DW4: 0 | DX4: 0 | DY4: 6.88 | DZ4: 0 | EA4: 0 | EB4: 0
A5: ASHRAE 90.1-2010 Baseline 270° | B5: Casa De Amparo_v4z 1.pdf | C5: Jun 11, 2026 - 10:50 PM | D5: ASHRAE 90.1-2010 BASELINE ** Climate Zone 10 CA USA CTZRV2 WMO#=722860 | E5: 3B | F5: 50 | G5: 1565 | H5: 683000 | I5: 50.03 | J5: 683041.46 | K5: 0 | L5: 0 | M5: 0 | N5: 0 | O5: 38579.484 | P5: 0 | Q5: 0 | R5: 0 | S5: 140864.42 | T5: 0 | U5: 153372.81 | V5: 0 | W5: 180081.95 | X5: 0 | Y5: 0 | Z5: 0 | AA5: 170142.79 | AB5: 0 | AC5: 0 | AD5: 0 | AE5: 0 | AF5: 0 | AG5: 0 | AH5: 0 | AI5: 0 | AJ5: 0 | AK5: 0 | AL5: 0 | AM5: 0 | AN5: 0 | AO5: 0 | AP5: 0 | AQ5: 0 | AR5: 0 | AS5: 25385.3 | AT5: 1.8594565 | AU5: 0.036342321 | AV5: 0 | AW5: 0 | AX5: 0 | AY5: 0 | AZ5: 80875.952 | BA5: 5.9241102 | BB5: 0.11840563 | BC5: 0.053 | BD5: 0 | BE5: 0 | BF5: 0 | BG5: 786 | BH5: 57.6 | BJ5: 360 | BK5: 26.4 | BM5: 49000 | BN5: 3.6 | BP5: 13652 | BQ5: 21103 | BR5: 11729 | BS5: 11729 | BT5: 2721 | BU5: 2651 | BV5: 3382 | BW5: 2975 | BX5: 8.2 | BY5: 10.4 | BZ5: 5.1 | CA5: 5.2 | CB5: 7.05 | CC5: 8.2322675 | CD5: 10.448887 | CE5: 5.0561798 | CF5: 5.210084 | CG5: 15695 | CH5: 0 | CI5: 0.85914152 | CJ5: 1.1496484 | CK5: 2.0087899 | CL5: None | CM5: 0 | CN5: None | CO5: 0 | CP5: None | CQ5: 0 | CR5: None | CS5: 0 | CT5: 0.1239786 | CU5: 8.0659081 | CV5: 0.084 | CW5: 0 | CX5: 0.047 | CY5: 0.053 | CZ5: 0.04 | DA5: 0.062166147 | DB5: 0.651 | DC5: 0.252 | DD5: 0.319 | DE5: 1.265873 | DF5: 0 | DG5: 0.54 | DH5: 0.54 | DI5: 109.2 | DJ5: 109.2 | DK5: 0.69 | DL5: 0.69 | DM5: 1672 | DN5: 0.122 | DO5: 10601 | DP5: 0.777 | DQ5: 10601 | DR5: 0.777 | DS5: 0 | DT5: 0 | DU5: 0 | DV5: 0 | DW5: 0 | DX5: 0 | DY5: 6.88 | DZ5: 0 | EA5: 0 | EB5: 0

Sheet Proposed Data
A1: Option | B1: Results Path | C1: Timestamp | D1: Climate File | E1: Climate Zone | F1: Heating Unmet Hours | G1: Cooling Unmet Hours | H1: =_xlfn.CONCAT("Total Energy Use ",IF('Project Info'!$I$4=Menus!$A$2,"(kWh)","(kBtu)")) -> Total Energy Use (kBtu) | I1: =_xlfn.CONCAT("Energy Use Intensity ",IF('Project Info'!$I$4=Menus!$A$2,"(kWh/m²)","(kBtu/ft²)")) -> Energy Use Intensity (kBtu/ft²) | J1: =_xlfn.CONCAT("Electricity ",IF('Project Info'!$I$4=Menus!$A$2,"(kWh)","(kBtu)")) -> Electricity (kBtu) | K1: =_xlfn.CONCAT("Gas ",IF('Project Info'!$I$4=Menus!$A$2,"(kWh)","(kBtu)")) -> Gas (kBtu) | L1: =_xlfn.CONCAT("Additional Fuel ",IF('Project Info'!$I$4=Menus!$A$2,"(kWh)","(kBtu)")) -> Additional Fuel (kBtu) | M1: =_xlfn.CONCAT("District Cooling ",IF('Project Info'!$I$4=Menus!$A$2,"(kWh)","(kBtu)")) -> District Cooling (kBtu) | N1: =_xlfn.CONCAT("District Heating ",IF('Project Info'!$I$4=Menus!$A$2,"(kWh)","(kBtu)")) -> District Heating (kBtu) | O1: =_xlfn.CONCAT("Heating - Electricity Energy Use ",IF('Project Info'!$I$4=Menus!$A$2,"(kWh)","(kBtu)")) -> Heating - Electricity Energy Use (kBtu) | P1: =_xlfn.CONCAT("Heating - Gas Energy Use ",IF('Project Info'!$I$4=Menus!$A$2,"(kWh)","(kBtu)")) -> Heating - Gas Energy Use (kBtu) | Q1: =_xlfn.CONCAT("Heating - Additonal Fuel Energy Use ",IF('Project Info'!$I$4=Menus!$A$2,"(kWh)","(kBtu)")) -> Heating - Additonal Fuel Energy Use (kBtu) | R1: =_xlfn.CONCAT("Heating - District Heating Energy Use ",IF('Project Info'!$I$4=Menus!$A$2,"(kWh)","(kBtu)")) -> Heating - District Heating Energy Use (kBtu) | S1: =_xlfn.CONCAT("Cooling - Electricity Energy Use ",IF('Project Info'!$I$4=Menus!$A$2,"(kWh)","(kBtu)")) -> Cooling - Electricity Energy Use (kBtu) | T1: =_xlfn.CONCAT("Cooling - District Energy Use ",IF('Project Info'!$I$4=Menus!$A$2,"(kWh)","(kBtu)")) -> Cooling - District Energy Use (kBtu) | U1: =_xlfn.CONCAT("Interior Lighting - Electricity Energy Use ",IF('Project Info'!$I$4=Menus!$A$2,"(kWh)","(kBtu)")) -> Interior Lighting - Electricity Energy Use (kBtu) | V1: =_xlfn.CONCAT("Exterior Lighting - Electricity Energy Use ",IF('Project Info'!$I$4=Menus!$A$2,"(kWh)","(kBtu)")) -> Exterior Lighting - Electricity Energy Use (kBtu) | W1: =_xlfn.CONCAT("Interior Equipment - Electricity Energy Use ",IF('Project Info'!$I$4=Menus!$A$2,"(kWh)","(kBtu)")) -> Interior Equipment - Electricity Energy Use (kBtu) | X1: =_xlfn.CONCAT("Interior Equipment - Gas Energy Use ",IF('Project Info'!$I$4=Menus!$A$2,"(kWh)","(kBtu)")) -> Interior Equipment - Gas Energy Use (kBtu) | Y1: =_xlfn.CONCAT("Interior Equipment - Additional Fuel Energy Use ",IF('Project Info'!$I$4=Menus!$A$2,"(kWh)","(kBtu)")) -> Interior Equipment - Additional Fuel Energy Use (kBtu) | Z1: =_xlfn.CONCAT("Exterior Equipment - Energy Use ",IF('Project Info'!$I$4=Menus!$A$2,"(kWh)","(kBtu)")) -> Exterior Equipment - Energy Use (kBtu) | AA1: =_xlfn.CONCAT("Fans - Electricity Energy Use ",IF('Project Info'!$I$4=Menus!$A$2,"(kWh)","(kBtu)")) -> Fans - Electricity Energy Use (kBtu) | AB1: =_xlfn.CONCAT("Pumps - Electricity Energy Use ",IF('Project Info'!$I$4=Menus!$A$2,"(kWh)","(kBtu)")) -> Pumps - Electricity Energy Use (kBtu) | AC1: =_xlfn.CONCAT("Heat Rejection - Electricity Energy Use ",IF('Project Info'!$I$4=Menus!$A$2,"(kWh)","(kBtu)")) -> Heat Rejection - Electricity Energy Use (kBtu) | AD1: =_xlfn.CONCAT("Humidification - Electricity Energy Use ",IF('Project Info'!$I$4=Menus!$A$2,"(kWh)","(kBtu)")) -> Humidification - Electricity Energy Use (kBtu) | AE1: =_xlfn.CONCAT("Heat Recovery - Electricity Energy Use ",IF('Project Info'!$I$4=Menus!$A$2,"(kWh)","(kBtu)")) -> Heat Recovery - Electricity Energy Use (kBtu) | AF1: =_xlfn.CONCAT("Water Systems - Electricity Energy Use ",IF('Project Info'!$I$4=Menus!$A$2,"(kWh)","(kBtu)")) -> Water Systems - Electricity Energy Use (kBtu) | AG1: =_xlfn.CONCAT("Water Systems - Gas Energy Use ",IF('Project Info'!$I$4=Menus!$A$2,"(kWh)","(kBtu)")) -> Water Systems - Gas Energy Use (kBtu) | AH1: =_xlfn.CONCAT("Water Systems - Additional Fuel Energy Use ",IF('Project Info'!$I$4=Menus!$A$2,"(kWh)","(kBtu)")) -> Water Systems - Additional Fuel Energy Use (kBtu) | AI1: =_xlfn.CONCAT("Water Systems - District Heating Energy Use ",IF('Project Info'!$I$4=Menus!$A$2,"(kWh)","(kBtu)")) -> Water Systems - District Heating Energy Use (kBtu) | AJ1: =_xlfn.CONCAT("Refrigeration - Electricity Energy Use ",IF('Project Info'!$I$4=Menus!$A$2,"(kWh)","(kBtu)")) -> Refrigeration - Electricity Energy Use (kBtu) | AK1: =_xlfn.CONCAT("Generators Electricity Energy Use ",IF('Project Info'!$I$4=Menus!$A$2,"(kWh)","(kBtu)")) -> Generators Electricity Energy Use (kBtu) | AL1: =_xlfn.CONCAT("Misc 1 - Electricity Energy Use ",IF('Project Info'!$I$4=Menus!$A$2,"(kWh)","(kBtu)")) -> Misc 1 - Electricity Energy Use (kBtu) | AM1: =_xlfn.CONCAT("Misc 2 - Electricity Energy Use ",IF('Project Info'!$I$4=Menus!$A$2,"(kWh)","(kBtu)")) -> Misc 2 - Electricity Energy Use (kBtu) | AN1: =_xlfn.CONCAT("Total Water Use ",IF('Project Info'!$I$4=Menus!$A$2,"(m3)","(kGal)")) -> Total Water Use (kGal) | AO1: =_xlfn.CONCAT("Water Use Intensity ",IF('Project Info'!$I$4=Menus!$A$2,"(m³/m²)","(kGal/ft²)")) -> Water Use Intensity (kGal/ft²) | AP1: =_xlfn.CONCAT("Heat Rejection - Water Use ",IF('Project Info'!$I$4=Menus!$A$2,"(m3)","(kGal)")) -> Heat Rejection - Water Use (kGal) | AQ1: =_xlfn.CONCAT("Humidificatopn - Water Use ",IF('Project Info'!$I$4=Menus!$A$2,"(m3)","(kGal)")) -> Humidificatopn - Water Use (kGal) | AR1: =_xlfn.CONCAT("Water System - Water Use ",IF('Project Info'!$I$4=Menus!$A$2,"(m3)","(kGal)")) -> Water System - Water Use (kGal) | AS1: Total Energy Cost ($) | AT1: =_xlfn.CONCAT("Energy Cost Intensity (",IF('Project Info'!$I$4=Menus!$A$2,Menus!$E$10,Menus!$E$11),")") -> Energy Cost Intensity ($/ft²) | AU1: =_xlfn.CONCAT("Electricity Virtual Rate (",IF('Project Info'!$I$4=Menus!$A$2,Menus!$E$14,Menus!$E$15),")") -> Electricity Virtual Rate ($/kBtu) | AV1: =_xlfn.CONCAT("Gas Virtual Rate (",IF('Project Info'!$I$4=Menus!$A$2,Menus!$E$14,Menus!$E$15),")") -> Gas Virtual Rate ($/kBtu) | AW1: =_xlfn.CONCAT("Additional Fuel Virtual Rate (",IF('Project Info'!$I$4=Menus!$A$2,Menus!$E$14,Menus!$E$15),")") -> Additional Fuel Virtual Rate ($/kBtu) | AX1: =_xlfn.CONCAT("District Cooling Virtual Rate (",IF('Project Info'!$I$4=Menus!$A$2,Menus!$E$14,Menus!$E$15),")") -> District Cooling Virtual Rate ($/kBtu) | AY1: =_xlfn.CONCAT("District Heating Virtual Rate (",IF('Project Info'!$I$4=Menus!$A$2,Menus!$E$14,Menus!$E$15),")") -> District Heating Virtual Rate ($/kBtu) | AZ1: =_xlfn.CONCAT("Total Carbon Emissions (",IF('Project Info'!$I$4=Menus!$A$2,Menus!$G$6,Menus!$G$7),")") -> Total Carbon Emissions (kg CO2e) | BA1: =_xlfn.CONCAT("Carbon Emission Intensity (",IF('Project Info'!$I$4=Menus!$A$2,Menus!$G$10,Menus!$G$11),")") -> Carbon Emission Intensity (kg CO2e/ft²) | BB1: =_xlfn.CONCAT("Electricity Virtual Rate (",IF('Project Info'!$I$4=Menus!$A$2,Menus!$G$14,Menus!$G$15),")") -> Electricity Virtual Rate (kg CO2e/kBtu) | BC1: =_xlfn.CONCAT("Gas Virtual Rate (",IF('Project Info'!$I$4=Menus!$A$2,Menus!$G$14,Menus!$G$15),")") -> Gas Virtual Rate (kg CO2e/kBtu) | BD1: =_xlfn.CONCAT("Additional Fuel Virtual Rate (",IF('Project Info'!$I$4=Menus!$A$2,Menus!$G$14,Menus!$G$15),")") -> Additional Fuel Virtual Rate (kg CO2e/kBtu) | BE1: =_xlfn.CONCAT("District Cooling Virtual Rate (",IF('Project Info'!$I$4=Menus!$A$2,Menus!$G$14,Menus!$G$15),")") -> District Cooling Virtual Rate (kg CO2e/kBtu) | BF1: =_xlfn.CONCAT("District Heating Virtual Rate (",IF('Project Info'!$I$4=Menus!$A$2,Menus!$G$14,Menus!$G$15),")") -> District Heating Virtual Rate (kg CO2e/kBtu) | BG1: =_xlfn.CONCAT("Peak Heating ",IF('Project Info'!$I$4=Menus!$A$2,"(kW)","(kBtuh)")) -> Peak Heating (kBtuh) | BH1: =_xlfn.CONCAT("Peak Heating ",IF('Project Info'!$I$4=Menus!$A$2,"(W/m²)","(Btuh/ft²)")) -> Peak Heating (Btuh/ft²) | BI1: Peak Heating Hour | BJ1: =_xlfn.CONCAT("Peak Cooling ",IF('Project Info'!$I$4=Menus!$A$2,"(kW)","(kBtuh)")) -> Peak Cooling (kBtuh) | BK1: =_xlfn.CONCAT("Peak Cooling ",IF('Project Info'!$I$4=Menus!$A$2,"(W/m²)","(Btuh/ft²)")) -> Peak Cooling (Btuh/ft²) | BL1: Peak Cooling Hour | BM1: Peak Electrical Load (W) | BN1: =_xlfn.CONCAT("Peak Electrical Load Intensity ",IF('Project Info'!$I$4=Menus!$A$2,"(W/m²)","(W/ft²)")) -> Peak Electrical Load Intensity (W/ft²) | BO1: Peak Electricity Hour | BP1: =_xlfn.CONCAT("Conditioned Floor Area ",IF('Project Info'!$I$4=Menus!$A$2,"(m²)","(ft²)")) -> Conditioned Floor Area (ft²) | BQ1: =_xlfn.CONCAT("Total Floor Area ",IF('Project Info'!$I$4=Menus!$A$2,"(m²)","(ft²)")) -> Total Floor Area (ft²) | BR1: =_xlfn.CONCAT("Gross Wall Area ",IF('Project Info'!$I$4=Menus!$A$2,"(m²)","(ft²)")) -> Gross Wall Area (ft²) | BS1: =_xlfn.CONCAT("Above Ground Gross Wall Area ",IF('Project Info'!$I$4=Menus!$A$2,"(m²)","(ft²)")) -> Above Ground Gross Wall Area (ft²) | BT1: =_xlfn.CONCAT("Above Ground North Wall Area ",IF('Project Info'!$I$4=Menus!$A$2,"(m²)","(ft²)")) -> Above Ground North Wall Area (ft²) | BU1: =_xlfn.CONCAT("Above Ground East Wall Area ",IF('Project Info'!$I$4=Menus!$A$2,"(m²)","(ft²)")) -> Above Ground East Wall Area (ft²) | BV1: =_xlfn.CONCAT("Above Ground South Wall Area ",IF('Project Info'!$I$4=Menus!$A$2,"(m²)","(ft²)")) -> Above Ground South Wall Area (ft²) | BW1: =_xlfn.CONCAT("Above Ground East Wall Area ",IF('Project Info'!$I$4=Menus!$A$2,"(m²)","(ft²)")) -> Above Ground East Wall Area (ft²) | BX1: North WWR Nominal (%) | BY1: East WWR Nominal (%) | BZ1: South WWR Nominal (%) | CA1: West WWR Nominal (%) | CB1: Building WWR Actual (%) | CC1: North WWR Actual (%) | CD1: East WWR Actual (%) | CE1: South WWR Actual (%) | CF1: West WWR Actual (%) | CG1: =_xlfn.CONCAT("Gross Roof Area ",IF('Project Info'!$I$4=Menus!$A$2,"(m²)","(ft²)")) -> Gross Roof Area (ft²) | CH1: Skylight Roof Ratio (%) | CI1: Exterior Wall to Floor Area Ratio | CJ1: Exterior Roof to Floor Area Ratio | CK1: Exterior Envelope to Floor Area Ratio | CL1: North Shading Type | CM1: North Shading Ratio (%) | CN1: West Shading Type | CO1: West Shading Ratio (%) | CP1: South Shading Type | CQ1: South Shading Ratio (%) | CR1: East Shading Type | CS1: East Shading Ratio (%) | CT1: =_xlfn.CONCAT("Vertical Weighted U-Value ",IF('Project Info'!$D$7=Menus!$C$2,"(W/m²·K)","(Btu/h·ft²·F)")) -> Vertical Weighted U-Value (Btu/h·ft²·F) | CU1: =_xlfn.CONCAT("Vertical Weighted R-Value ",IF('Project Info'!$D$7=Menus!$C$2,"(m²·K/W)","(ft²·h·F/Btu )")) -> Vertical Weighted R-Value (ft²·h·F/Btu ) | CV1: =_xlfn.CONCAT("Wall U-Value ",IF('Project Info'!$D$7=Menus!$C$2,"(W/m²·K)","(Btu/h·ft²·F)")) -> Wall U-Value (Btu/h·ft²·F) | CW1: =_xlfn.CONCAT("Wall 2 U-Value ",IF('Project Info'!$D$7=Menus!$C$2,"(W/m²·K)","(Btu/h·ft²·F)")) -> Wall 2 U-Value (Btu/h·ft²·F) | CX1: =_xlfn.CONCAT("Roof U-Value ",IF('Project Info'!$D$7=Menus!$C$2,"(W/m²·K)","(Btu/h·ft²·F)")) -> Roof U-Value (Btu/h·ft²·F) | CY1: =_xlfn.CONCAT("Exposed Floor U-Value ",IF('Project Info'!$D$7=Menus!$C$2,"(W/m²·K)","(Btu/h·ft²·F)")) -> Exposed Floor U-Value (Btu/h·ft²·F) | CZ1: =_xlfn.CONCAT("Slab on Grade U-Value ",IF('Project Info'!$D$7=Menus!$C$2,"(W/m²·K)","(Btu/h·ft²·F)")) -> Slab on Grade U-Value (Btu/h·ft²·F) | DA1: =_xlfn.CONCAT("Assembly U-Value ",IF('Project Info'!$D$7=Menus!$C$2,"(W/m²·K)","(Btu/h·ft²·F)")) -> Assembly U-Value (Btu/h·ft²·F) | DB1: =_xlfn.CONCAT("Glass U-Value ",IF('Project Info'!$D$7=Menus!$C$2,"(W/m²·K)","(Btu/h·ft²·F)")) -> Glass U-Value (Btu/h·ft²·F) | DC1: Glass SHGC | DD1: Glass VLT | DE1: Glass LSG | DF1: =_xlfn.CONCAT("Infiltration Rate ",IF('Project Info'!$D$7=Menus!$C$2,"(m³/s/m² façade)","(CFM/ft² facade)")) -> Infiltration Rate (CFM/ft² facade) | DG1: =_xlfn.CONCAT("Lighting Power Density ",IF('Project Info'!$D$7=Menus!$C$2,"(W/m²)","(W/ft²)")) -> Lighting Power Density (W/ft²) | DH1: =_xlfn.CONCAT("Conditioned Lighting Power Density ",IF('Project Info'!$D$7=Menus!$C$2,"(W/m²)","(W/ft²)")) -> Conditioned Lighting Power Density (W/ft²) | DI1: =_xlfn.CONCAT("Occupant Density ",IF('Project Info'!$D$7=Menus!$C$2,"(m/person²)","(ft²/person)")) -> Occupant Density (ft²/person) | DJ1: =_xlfn.CONCAT("Conditioned Occupant Density ",IF('Project Info'!$D$7=Menus!$C$2,"(m/person²)","(ft²/person)")) -> Conditioned Occupant Density (ft²/person) | DK1: =_xlfn.CONCAT("Equipment Power Density ",IF('Project Info'!$D$7=Menus!$C$2,"(W/m²)","(W/ft²)")) -> Equipment Power Density (W/ft²) | DL1: =_xlfn.CONCAT("Conditioned Equipment Power Density ",IF('Project Info'!$D$7=Menus!$C$2,"(W/m²)","(W/ft²)")) -> Conditioned Equipment Power Density (W/ft²) | DM1: =_xlfn.CONCAT("Total Ventilation Air Flow Rate ",IF('Project Info'!$D$7=Menus!$C$2,"(m²/s)","(CFM)")) -> Total Ventilation Air Flow Rate (CFM) | DN1: =_xlfn.CONCAT("Ventilation Air Flow Rate per Area ",IF('Project Info'!$D$7=Menus!$C$2,"(m3/s/m²)","(CFM/ft²)")) -> Ventilation Air Flow Rate per Area (CFM/ft²) | DO1: =_xlfn.CONCAT("Total Heating Airflow Rate ",IF('Project Info'!$D$7=Menus!$C$2,"(m²/s)","(CFM)")) -> Total Heating Airflow Rate (CFM) | DP1: =_xlfn.CONCAT("Heating Airflow Rate per Area ",IF('Project Info'!$D$7=Menus!$C$2,"(m3/s/m²)","(CFM/ft²)")) -> Heating Airflow Rate per Area (CFM/ft²) | DQ1: =_xlfn.CONCAT("Total Cooling Airflow Rate ",IF('Project Info'!$D$7=Menus!$C$2,"(m²/s)","(CFM)")) -> Total Cooling Airflow Rate (CFM) | DR1: =_xlfn.CONCAT("Cooling Airflow Rate per Area ",IF('Project Info'!$D$7=Menus!$C$2,"(m3/s/m²)","(CFM/ft²)")) -> Cooling Airflow Rate per Area (CFM/ft²) | DS1: Chiller Efficiency (COP) | DT1: Boiler Efficiency (COP) | DU1: DX Cooling Efficiency (COP) | DV1: DX Heating Efficiency (HSPF) | DW1: Heat Pump Cooling Efficiency (COP) | DX1: Heat Pump Heating Efficiency (COP) | DY1: Total Fan Power (kW) | DZ1: Total Pump Power (kW) | EA1: Service Hot Water Thermal Efficiency (COP) | EB1: Exterior Lighting (kW)
A2: Primary 0° | B2: Casa De Amparo_v4z 1.pdf | C2: Jun 11, 2026 - 10:50 PM | D2: ASHRAE 90.1-2010 BASELINE ** Climate Zone 10 CA USA CTZRV2 WMO#=722860 | E2: 3B | F2: 105 | G2: 547 | H2: 689500 | I2: 50.505 | J2: 689470.52 | K2: 0 | L2: 0 | M2: 0 | N2: 0 | O2: 38337.232 | P2: 0 | Q2: 0 | R2: 0 | S2: 142882.62 | T2: 0 | U2: 153372.81 | V2: 0 | W2: 180081.95 | X2: 0 | Y2: 0 | Z2: 0 | AA2: 174795.91 | AB2: 0 | AC2: 0 | AD2: 0 | AE2: 0 | AF2: 0 | AG2: 0 | AH2: 0 | AI2: 0 | AJ2: 0 | AK2: 0 | AL2: 0 | AM2: 0 | AN2: 0 | AO2: 0 | AP2: 0 | AQ2: 0 | AR2: 0 | AS2: 26967.79 | AT2: 1.9753728 | AU2: 0.036342321 | AV2: 0 | AW2: 0 | AX2: 0 | AY2: 0 | AZ2: 81637.189 | BA2: 5.9798703 | BB2: 0.11840563 | BC2: 0.053 | BD2: 0 | BE2: 0 | BF2: 0 | BG2: 410 | BH2: 30 | BJ2: 300 | BK2: 22 | BM2: 53000 | BN2: 3.9 | BP2: 13652 | BQ2: 21103 | BR2: 11729 | BS2: 11729 | BT2: 2721 | BU2: 2651 | BV2: 3382 | BW2: 2975 | BX2: 8.2 | BY2: 10.4 | BZ2: 5.1 | CA2: 5.2 | CB2: 7.05 | CC2: 8.2322675 | CD2: 10.448887 | CE2: 5.0561798 | CF2: 5.210084 | CG2: 15695 | CH2: 0 | CI2: 0.85914152 | CJ2: 1.1496484 | CK2: 2.0087899 | CL2: None | CM2: 0 | CN2: None | CO2: 0 | CP2: None | CQ2: 0 | CR2: None | CS2: 0 | CT2: 0.078081593 | CU2: 12.807116 | CV2: 0.046 | CW2: 0 | CX2: 0.026 | CY2: 0.038 | CZ2: 0.041 | DA2: 0.034197917 | DB2: 0.501 | DC2: 0.401 | DD2: 0.442 | DE2: 1.1022444 | DF2: 0 | DG2: 0.45 | DH2: 0.45 | DI2: 109.2 | DJ2: 109.2 | DK2: 0.69 | DL2: 0.69 | DM2: 1550 | DN2: 0.114 | DO2: 4082 | DP2: 0.299 | DQ2: 8767 | DR2: 0.642 | DS2: 0 | DT2: 0 | DU2: 0 | DV2: 0 | DW2: 0 | DX2: 0 | DY2: 0 | DZ2: 0 | EA2: 0 | EB2: 0

Sheet LEED BL
A1: LEED Baseline Results Worksheet
B3: Instructions
B4: If the 'BL Data' tab has been populated with the LEED and Code baseline rotations by a script, use the pulldowns next to the 'Baseline Case' to choose if only the 0 degree rotation or the average of all rotations should be used. The results will automatically be pulled in from the database. Use the input cells to manually input values without using the database, or to override or add to database values.
B7: =IF($C$10=Menus!$I$2,$A$1,_xlfn.CONCAT($A$1," 0° Rotation")) -> LEED Baseline Results Worksheet 0° Rotation
B9: =IF(AND(C10=Menus!$I$3,OR(Z24=0,Z38=0,Z52=0)),"Missing baseline rotations. Set to '"&Menus!$I$2&"'"," ") | G9: Case Name | I9: Result File Path and Name | O9: Timestamp | R9: Peak Electrical Demand | Y9: Energy Results
B10: Baseline Case | F10: Imported Data | G10: ='BL Data'!A2 -> ASHRAE 90.1-2010 Baseline 0° | I10: ='BL Data'!B2 -> Casa De Amparo_v4z 1.pdf | O10: ='BL Data'!C2 -> Jun 11, 2026 - 10:50 PM | R10: ='BL Data'!BM2/1000 -> 49 | S10: kW | Y10: Total | Z10: =SUM(C19:AA19) -> 693171.68 | AA10: ='Project Info'!$I$5 -> kBtu
B11: Area | C11: =IFERROR(IF(ISBLANK('Project Info'!$D$7),'BL Data'!BP2,'Project Info'!$D$7),0) -> 13652 | D11: =IF($I$11="SI","m²","ft²") -> ft² | F11: Manual Input | G11: LEED Baseline | S11: kW | Z11: =IFERROR(Z10/$C$11,0) -> 50.774369 | AA11: =IF('Project Info'!$I$4=Menus!$A$2,"kWh/m²","kBtu/ft²") -> kBtu/ft²
F12: Value Used | G12: =IF(ISBLANK(G11),IF(G10=0,"LEED Baseline",G10),G11) -> LEED Baseline | I12: =IF(ISBLANK(I11),I10,I11) -> Casa De Amparo_v4z 1.pdf | O12: =IF(ISBLANK(O11),O10,O11) -> Jun 11, 2026 - 10:50 PM | R12: =IF(ISBLANK(R11),R10,R11) -> 49 | S12: kW
B14: End Use | C14: Heating | G14: Cooling | I14: Lighting | J14: Exterior Lighting | K14: Equipment | N14: Exterior Equipment | O14: Fans | P14: Pumps | Q14: Heat Rejection | R14: Humidification | S14: Heat Recovery | T14: Water Systems | X14: Refrigeration | Y14: Generators | Z14: ='Project Info'!$I$10 -> 0 | AA14: ='Project Info'!$J$10 -> 0
B15: Fuel Source | C15: Electricity | D15: Gas | E15: Additional Fuel | F15: District Heating | G15: Electricity | H15: District Cooling | I15: Electricity | J15: Electricity | K15: Electricity | L15: Gas | M15: Additional Fuel | N15: Electricity | O15: Electricity | P15: Electricity | Q15: Electricity | R15: Electricity | S15: Electricity | T15: Electricity | U15: Gas | V15: Additional Fuel | W15: District Heating | X15: Electricity | Y15: Electricity | Z15: Electricity | AA15: Electricity
B16: Input Units | C16: ='Project Info'!$I$5 -> kBtu | D16: ='Project Info'!$I$5 -> kBtu | E16: ='Project Info'!$I$5 -> kBtu | F16: ='Project Info'!$I$5 -> kBtu | G16: ='Project Info'!$I$5 -> kBtu | H16: ='Project Info'!$I$5 -> kBtu | I16: ='Project Info'!$I$5 -> kBtu | J16: ='Project Info'!$I$5 -> kBtu | ... AA16: ='Project Info'!$I$5 -> kBtu
B17: Imported Data | C17: ='BL Data'!O2 -> 37501.292 | D17: ='BL Data'!P2 -> 0 | E17: ='BL Data'!Q2 -> 0 | F17: ='BL Data'!R2 -> 0 | G17: ='BL Data'!S2 -> 145091.89 | H17: ='BL Data'!T2 -> 0 | I17: ='BL Data'!U2 -> 153372.81 | J17: ='BL Data'!V2 -> 0 | ... AA17: ='BL Data'!AM2 -> 0
B18: Manual Input
B19: Value Used | C19: =IF(ISBLANK(C18),C17,C18) -> 37501.292 | D19: =IF(ISBLANK(D18),D17,D18) -> 0 | E19: =IF(ISBLANK(E18),E17,E18) -> 0 | F19: =IF(ISBLANK(F18),F17,F18) -> 0 | G19: =IF(ISBLANK(G18),G17,G18) -> 145091.89 | H19: =IF(ISBLANK(H18),H17,H18) -> 0 | I19: =IF(ISBLANK(I18),I17,I18) -> 153372.81 | J19: =IF(ISBLANK(J18),J17,J18) -> 0 | ... AA19: =IF(ISBLANK(AA18),AA17,AA18) -> 0
B21: =IF($C$10=Menus!$I$2,"N/A",_xlfn.CONCAT($A$1," 90° Rotation")) -> LEED Baseline Results Worksheet 90° Rotation
G23: Case Name | I23: Result File Path and Name | O23: Timestamp | R23: Peak Electrical Demand | Y23: Energy Results
F24: Imported Data | G24: ='BL Data'!A3 -> ASHRAE 90.1-2010 Baseline 90° | I24: ='BL Data'!B3 -> Casa De Amparo_v4z 1.pdf | O24: ='BL Data'!C3 -> Jun 11, 2026 - 10:50 PM | R24: ='BL Data'!BM3/1000 -> 49 | S24: kW | Y24: Total | Z24: =SUM(C33:AA33) -> 695833.04 | AA24: ='Project Info'!$I$5 -> kBtu
F25: Manual Input | S25: kW | Z25: =IFERROR(Z24/$C$11,0) -> 50.969312 | AA25: =IF('Project Info'!$I$4=Menus!$A$2,"kWh/m²","kBtu/ft²") -> kBtu/ft²
F26: Value Used | G26: =IF(ISBLANK(G25),G24,G25) -> ASHRAE 90.1-2010 Baseline 90° | I26: =IF(ISBLANK(I25),I24,I25) -> Casa De Amparo_v4z 1.pdf | O26: =IF(ISBLANK(O25),O24,O25) -> Jun 11, 2026 - 10:50 PM | R26: =IF(ISBLANK(R25),R24,R25) -> 49 | S26: kW
B28: End Use | C28: Heating | G28: Cooling | I28: Lighting | J28: Exterior Lighting | K28: Equipment | N28: Exterior Equipment | O28: Fans | P28: Pumps | Q28: Heat Rejection | R28: Humidification | S28: Heat Recovery | T28: Water Systems | X28: Refrigeration | Y28: Generators | Z28: ='Project Info'!$I$10 -> 0 | AA28: ='Project Info'!$J$10 -> 0
B29: Fuel Source | C29: Electricity | D29: Gas | E29: Additional Fuel | F29: District Heating | G29: Electricity | H29: District Cooling | I29: Electricity | J29: Electricity | K29: Electricity | L29: Gas | M29: Additional Fuel | N29: Electricity | O29: Electricity | P29: Electricity | Q29: Electricity | R29: Electricity | S29: Electricity | T29: Electricity | U29: Gas | V29: Additional Fuel | W29: District Heating | X29: Electricity | Y29: Electricity | Z29: Electricity | AA29: Electricity
B30: Input Units | C30: ='Project Info'!$I$5 -> kBtu | D30: ='Project Info'!$I$5 -> kBtu | E30: ='Project Info'!$I$5 -> kBtu | F30: ='Project Info'!$I$5 -> kBtu | G30: ='Project Info'!$I$5 -> kBtu | H30: ='Project Info'!$I$5 -> kBtu | I30: ='Project Info'!$I$5 -> kBtu | J30: ='Project Info'!$I$5 -> kBtu | ... AA30: ='Project Info'!$I$5 -> kBtu
B31: Imported Data | C31: ='BL Data'!O3 -> 38006.268 | D31: ='BL Data'!P3 -> 0 | E31: ='BL Data'!Q3 -> 0 | F31: ='BL Data'!R3 -> 0 | G31: ='BL Data'!S3 -> 145037.3 | H31: ='BL Data'!T3 -> 0 | I31: ='BL Data'!U3 -> 153372.81 | J31: ='BL Data'!V3 -> 0 | ... AA31: ='BL Data'!AM3 -> 0
B32: Manual Input
B33: Value Used | C33: =IF(ISBLANK(C32),C31,C32) -> 38006.268 | D33: =IF(ISBLANK(D32),D31,D32) -> 0 | E33: =IF(ISBLANK(E32),E31,E32) -> 0 | F33: =IF(ISBLANK(F32),F31,F32) -> 0 | G33: =IF(ISBLANK(G32),G31,G32) -> 145037.3 | H33: =IF(ISBLANK(H32),H31,H32) -> 0 | I33: =IF(ISBLANK(I32),I31,I32) -> 153372.81 | J33: =IF(ISBLANK(J32),J31,J32) -> 0 | ... AA33: =IF(ISBLANK(AA32),AA31,AA32) -> 0
B35: =IF($C$10=Menus!$I$2,"N/A",_xlfn.CONCAT($A$1," 180° Rotation")) -> LEED Baseline Results Worksheet 180° Rotation
G37: Case Name | I37: Result File Path and Name | O37: Timestamp | R37: Peak Electrical Demand | Y37: Energy Results
F38: Imported Data | G38: ='BL Data'!A4 -> ASHRAE 90.1-2010 Baseline 180° | I38: ='BL Data'!B4 -> Casa De Amparo_v4z 1.pdf | O38: ='BL Data'!C4 -> Jun 11, 2026 - 10:50 PM | R38: ='BL Data'!BM4/1000 -> 49 | S38: kW | Y38: Total | Z38: =SUM(C47:AA47) -> 685835.88 | AA38: ='Project Info'!$I$5 -> kBtu
F39: Manual Input | S39: kW | Z39: =IFERROR(Z38/$C$11,0) -> 50.237026 | AA39: =IF('Project Info'!$I$4=Menus!$A$2,"kWh/m²","kBtu/ft²") -> kBtu/ft²
F40: Value Used | G40: =IF(ISBLANK(G39),G38,G39) -> ASHRAE 90.1-2010 Baseline 180° | I40: =IF(ISBLANK(I39),I38,I39) -> Casa De Amparo_v4z 1.pdf | O40: =IF(ISBLANK(O39),O38,O39) -> Jun 11, 2026 - 10:50 PM | R40: =IF(ISBLANK(R39),R38,R39) -> 49 | S40: kW
B42: End Use | C42: Heating | G42: Cooling | I42: Lighting | J42: Exterior Lighting | K42: Equipment | N42: Exterior Equipment | O42: Fans | P42: Pumps | Q42: Heat Rejection | R42: Humidification | S42: Heat Recovery | T42: Water Systems | X42: Refrigeration | Y42: Generators | Z42: ='Project Info'!$I$10 -> 0 | AA42: ='Project Info'!$J$10 -> 0
B43: Fuel Source | C43: Electricity | D43: Gas | E43: Additional Fuel | F43: District Heating | G43: Electricity | H43: District Cooling | I43: Electricity | J43: Electricity | K43: Electricity | L43: Gas | M43: Additional Fuel | N43: Electricity | O43: Electricity | P43: Electricity | Q43: Electricity | R43: Electricity | S43: Electricity | T43: Electricity | U43: Gas | V43: Additional Fuel | W43: District Heating | X43: Electricity | Y43: Electricity | Z43: Electricity | AA43: Electricity
B44: Input Units | C44: ='Project Info'!$I$5 -> kBtu | D44: ='Project Info'!$I$5 -> kBtu | E44: ='Project Info'!$I$5 -> kBtu | F44: ='Project Info'!$I$5 -> kBtu | G44: ='Project Info'!$I$5 -> kBtu | H44: ='Project Info'!$I$5 -> kBtu | I44: ='Project Info'!$I$5 -> kBtu | J44: ='Project Info'!$I$5 -> kBtu | ... AA44: ='Project Info'!$I$5 -> kBtu
B45: Imported Data | C45: ='BL Data'!O4 -> 39261.884 | D45: ='BL Data'!P4 -> 0 | E45: ='BL Data'!Q4 -> 0 | F45: ='BL Data'!R4 -> 0 | G45: ='BL Data'!S4 -> 140536.87 | H45: ='BL Data'!T4 -> 0 | I45: ='BL Data'!U4 -> 153372.81 | J45: ='BL Data'!V4 -> 0 | ... AA45: ='BL Data'!AM4 -> 0
B46: Manual Input
B47: Value Used | C47: =IF(ISBLANK(C46),C45,C46) -> 39261.884 | D47: =IF(ISBLANK(D46),D45,D46) -> 0 | E47: =IF(ISBLANK(E46),E45,E46) -> 0 | F47: =IF(ISBLANK(F46),F45,F46) -> 0 | G47: =IF(ISBLANK(G46),G45,G46) -> 140536.87 | H47: =IF(ISBLANK(H46),H45,H46) -> 0 | I47: =IF(ISBLANK(I46),I45,I46) -> 153372.81 | J47: =IF(ISBLANK(J46),J45,J46) -> 0 | ... AA47: =IF(ISBLANK(AA46),AA45,AA46) -> 0
B49: =IF($C$10=Menus!$I$2,"N/A",_xlfn.CONCAT($A$1," 270° Rotation")) -> LEED Baseline Results Worksheet 270° Rotation
G51: Case Name | I51: Result File Path and Name | O51: Timestamp | R51: Peak Electrical Demand | Y51: Energy Results
F52: Imported Data | G52: ='BL Data'!A5 -> ASHRAE 90.1-2010 Baseline 270° | I52: ='BL Data'!B5 -> Casa De Amparo_v4z 1.pdf | O52: ='BL Data'!C5 -> Jun 11, 2026 - 10:50 PM | R52: ='BL Data'!BM5/1000 -> 49 | S52: kW | Y52: Total | Z52: =SUM(C61:AA61) -> 683041.46 | AA52: ='Project Info'!$I$5 -> kBtu
F53: Manual Input | S53: kW | Z53: =IFERROR(Z52/$C$11,0) -> 50.032336 | AA53: =IF('Project Info'!$I$4=Menus!$A$2,"kWh/m²","kBtu/ft²") -> kBtu/ft²
F54: Value Used | G54: =IF(ISBLANK(G53),G52,G53) -> ASHRAE 90.1-2010 Baseline 270° | I54: =IF(ISBLANK(I53),I52,I53) -> Casa De Amparo_v4z 1.pdf | O54: =IF(ISBLANK(O53),O52,O53) -> Jun 11, 2026 - 10:50 PM | R54: =IF(ISBLANK(R53),R52,R53) -> 49 | S54: kW
B56: End Use | C56: Heating | G56: Cooling | I56: Lighting | J56: Exterior Lighting | K56: Equipment | N56: Exterior Equipment | O56: Fans | P56: Pumps | Q56: Heat Rejection | R56: Humidification | S56: Heat Recovery | T56: Water Systems | X56: Refrigeration | Y56: Generators | Z56: ='Project Info'!$I$10 -> 0 | AA56: ='Project Info'!$J$10 -> 0
B57: Fuel Source | C57: Electricity | D57: Gas | E57: Additional Fuel | F57: District Heating | G57: Electricity | H57: District Cooling | I57: Electricity | J57: Electricity | K57: Electricity | L57: Gas | M57: Additional Fuel | N57: Electricity | O57: Electricity | P57: Electricity | Q57: Electricity | R57: Electricity | S57: Electricity | T57: Electricity | U57: Gas | V57: Additional Fuel | W57: District Heating | X57: Electricity | Y57: Electricity | Z57: Electricity | AA57: Electricity
B58: Input Units | C58: ='Project Info'!$I$5 -> kBtu | D58: ='Project Info'!$I$5 -> kBtu | E58: ='Project Info'!$I$5 -> kBtu | F58: ='Project Info'!$I$5 -> kBtu | G58: ='Project Info'!$I$5 -> kBtu | H58: ='Project Info'!$I$5 -> kBtu | I58: ='Project Info'!$I$5 -> kBtu | J58: ='Project Info'!$I$5 -> kBtu | ... AA58: ='Project Info'!$I$5 -> kBtu
B59: Imported Data | C59: ='BL Data'!O5 -> 38579.484 | D59: ='BL Data'!P5 -> 0 | E59: ='BL Data'!Q5 -> 0 | F59: ='BL Data'!R5 -> 0 | G59: ='BL Data'!S5 -> 140864.42 | H59: ='BL Data'!T5 -> 0 | I59: ='BL Data'!U5 -> 153372.81 | J59: ='BL Data'!V5 -> 0 | ... AA59: ='BL Data'!AM5 -> 0
B60: Manual Input
B61: Value Used | C61: =IF(ISBLANK(C60),C59,C60) -> 38579.484 | D61: =IF(ISBLANK(D60),D59,D60) -> 0 | E61: =IF(ISBLANK(E60),E59,E60) -> 0 | F61: =IF(ISBLANK(F60),F59,F60) -> 0 | G61: =IF(ISBLANK(G60),G59,G60) -> 140864.42 | H61: =IF(ISBLANK(H60),H59,H60) -> 0 | I61: =IF(ISBLANK(I60),I59,I60) -> 153372.81 | J61: =IF(ISBLANK(J60),J59,J60) -> 0 | ... AA61: =IF(ISBLANK(AA60),AA59,AA60) -> 0

Sheet Code BL
A1: Code Baseline Results Worksheet
B3: Instructions
B4: If the 'BL Data' tab has been populated with the LEED and Code baseline rotations by a script, use the pulldowns next to the 'Baseline Case' to choose if only the 0 degree rotation or the average of all rotations should be used. The results will automatically be pulled in from the database. Use the input cells to manually input values without using the database, or to override or add to database values.
B7: =IF($C$10=Menus!$I$2,$A$1,_xlfn.CONCAT($A$1," 0° Rotation")) -> Code Baseline Results Worksheet 0° Rotation
B9: =IF(AND(C10=Menus!$I$3,OR(Z24=0,Z38=0,Z52=0)),"Missing baseline rotations. Set to '"&Menus!$I$2&"'"," ") -> Missing baseline rotations. Set to '0° Baseline Only' | G9: Case Name | I9: Result File Path and Name | O9: Timestamp | R9: Peak Electrical Demand | Y9: Energy Results
B10: Baseline Case | C10: Average of All Baselines | F10: Imported Data | G10: ='BL Data'!A6 -> 0 | I10: ='BL Data'!B6 -> 0 | O10: ='BL Data'!C6 -> 0 | R10: ='BL Data'!BM6/1000 -> 0 | S10: kW | Y10: Total | Z10: =SUM(C19:AA19) -> 0 | AA10: ='Project Info'!$I$5 -> kBtu
B11: Area | C11: =IFERROR(IF(ISBLANK('Project Info'!$D$7),'BL Data'!BP6,'Project Info'!$D$7),0) -> 13652 | D11: =IF($I$11="SI","m²","ft²") -> ft² | F11: Manual Input | S11: kW | Z11: =IFERROR(Z10/$C$11,0) -> 0 | AA11: =IF('Project Info'!$I$4=Menus!$A$2,"kWh/m²","kBtu/ft²") -> kBtu/ft²
F12: Value Used | G12: =IF(ISBLANK(G11),IF(G10=0,"Code Baseline",G10),G11) -> Code Baseline | I12: =IF(ISBLANK(I11),I10,I11) -> 0 | O12: =IF(ISBLANK(O11),O10,O11) -> 0 | R12: =IF(ISBLANK(R11),R10,R11) -> 0 | S12: kW
B14: End Use | C14: Heating | G14: Cooling | I14: Lighting | J14: Exterior Lighting | K14: Equipment | N14: Exterior Equipment | O14: Fans | P14: Pumps | Q14: Heat Rejection | R14: Humidification | S14: Heat Recovery | T14: Water Systems | X14: Refrigeration | Y14: Generators | Z14: ='Project Info'!$I$10 -> 0 | AA14: ='Project Info'!$J$10 -> 0
B15: Fuel Source | C15: Electricity | D15: Gas | E15: Additional Fuel | F15: District Heating | G15: Electricity | H15: District Cooling | I15: Electricity | J15: Electricity | K15: Electricity | L15: Gas | M15: Additional Fuel | N15: Electricity | O15: Electricity | P15: Electricity | Q15: Electricity | R15: Electricity | S15: Electricity | T15: Electricity | U15: Gas | V15: Additional Fuel | W15: District Heating | X15: Electricity | Y15: Electricity | Z15: Electricity | AA15: Electricity
B16: Input Units | C16: ='Project Info'!$I$5 -> kBtu | D16: ='Project Info'!$I$5 -> kBtu | E16: ='Project Info'!$I$5 -> kBtu | F16: ='Project Info'!$I$5 -> kBtu | G16: ='Project Info'!$I$5 -> kBtu | H16: ='Project Info'!$I$5 -> kBtu | I16: ='Project Info'!$I$5 -> kBtu | J16: ='Project Info'!$I$5 -> kBtu | ... AA16: ='Project Info'!$I$5 -> kBtu
B17: Imported Data | C17: ='BL Data'!O6 -> 0 | D17: ='BL Data'!P6 -> 0 | E17: ='BL Data'!Q6 -> 0 | F17: ='BL Data'!R6 -> 0 | G17: ='BL Data'!S6 -> 0 | H17: ='BL Data'!T6 -> 0 | I17: ='BL Data'!U6 -> 0 | J17: ='BL Data'!V6 -> 0 | ... AA17: ='BL Data'!AM6 -> 0
B18: Manual Input
B19: Value Used | C19: =IF(ISBLANK(C18),C17,C18) -> 0 | D19: =IF(ISBLANK(D18),D17,D18) -> 0 | E19: =IF(ISBLANK(E18),E17,E18) -> 0 | F19: =IF(ISBLANK(F18),F17,F18) -> 0 | G19: =IF(ISBLANK(G18),G17,G18) -> 0 | H19: =IF(ISBLANK(H18),H17,H18) -> 0 | I19: =IF(ISBLANK(I18),I17,I18) -> 0 | J19: =IF(ISBLANK(J18),J17,J18) -> 0 | ... AA19: =IF(ISBLANK(AA18),AA17,AA18) -> 0
B21: =IF($C$10=Menus!$I$2,"N/A",_xlfn.CONCAT($A$1," 90° Rotation")) -> Code Baseline Results Worksheet 90° Rotation
B23: =IF(AND(C24=Menus!$I$3,OR(Z38=0,Z52=0,Z66=0)),"Missing baseline rotations. Set to '"&Menus!$I$2&"'"," ") | G23: Case Name | I23: Result File Path and Name | O23: Timestamp | R23: Peak Electrical Demand | Y23: Energy Results
F24: Imported Data | G24: ='BL Data'!A7 -> 0 | I24: ='BL Data'!B7 -> 0 | O24: ='BL Data'!C7 -> 0 | R24: ='BL Data'!BM7/1000 -> 0 | S24: kW | Y24: Total | Z24: =SUM(C33:AA33) -> 0 | AA24: ='Project Info'!$I$5 -> kBtu
F25: Manual Input | S25: kW | Z25: =IFERROR(Z24/$C$11,0) -> 0 | AA25: =IF('Project Info'!$I$4=Menus!$A$2,"kWh/m²","kBtu/ft²") -> kBtu/ft²
F26: Value Used | G26: =IF(ISBLANK(G25),G24,G25) -> 0 | I26: =IF(ISBLANK(I25),I24,I25) -> 0 | O26: =IF(ISBLANK(O25),O24,O25) -> 0 | R26: =IF(ISBLANK(R25),R24,R25) -> 0 | S26: kW
B28: End Use | C28: Heating | G28: Cooling | I28: Lighting | J28: Exterior Lighting | K28: Equipment | N28: Exterior Equipment | O28: Fans | P28: Pumps | Q28: Heat Rejection | R28: Humidification | S28: Heat Recovery | T28: Water Systems | X28: Refrigeration | Y28: Generators | Z28: ='Project Info'!$I$10 -> 0 | AA28: ='Project Info'!$J$10 -> 0
B29: Fuel Source | C29: Electricity | D29: Gas | E29: Additional Fuel | F29: District Heating | G29: Electricity | H29: District Cooling | I29: Electricity | J29: Electricity | K29: Electricity | L29: Gas | M29: Additional Fuel | N29: Electricity | O29: Electricity | P29: Electricity | Q29: Electricity | R29: Electricity | S29: Electricity | T29: Electricity | U29: Gas | V29: Additional Fuel | W29: District Heating | X29: Electricity | Y29: Electricity | Z29: Electricity | AA29: Electricity
B30: Input Units | C30: ='Project Info'!$I$5 -> kBtu | D30: ='Project Info'!$I$5 -> kBtu | E30: ='Project Info'!$I$5 -> kBtu | F30: ='Project Info'!$I$5 -> kBtu | G30: ='Project Info'!$I$5 -> kBtu | H30: ='Project Info'!$I$5 -> kBtu | I30: ='Project Info'!$I$5 -> kBtu | J30: ='Project Info'!$I$5 -> kBtu | ... AA30: ='Project Info'!$I$5 -> kBtu
B31: Imported Data | C31: ='BL Data'!O7 -> 0 | D31: ='BL Data'!P7 -> 0 | E31: ='BL Data'!Q7 -> 0 | F31: ='BL Data'!R7 -> 0 | G31: ='BL Data'!S7 -> 0 | H31: ='BL Data'!T7 -> 0 | I31: ='BL Data'!U7 -> 0 | J31: ='BL Data'!V7 -> 0 | ... AA31: ='BL Data'!AM7 -> 0
B32: Manual Input
B33: Value Used | C33: =IF(ISBLANK(C32),C31,C32) -> 0 | D33: =IF(ISBLANK(D32),D31,D32) -> 0 | E33: =IF(ISBLANK(E32),E31,E32) -> 0 | F33: =IF(ISBLANK(F32),F31,F32) -> 0 | G33: =IF(ISBLANK(G32),G31,G32) -> 0 | H33: =IF(ISBLANK(H32),H31,H32) -> 0 | I33: =IF(ISBLANK(I32),I31,I32) -> 0 | J33: =IF(ISBLANK(J32),J31,J32) -> 0 | ... AA33: =IF(ISBLANK(AA32),AA31,AA32) -> 0
B35: =IF($C$10=Menus!$I$2,"N/A",_xlfn.CONCAT($A$1," 180° Rotation")) -> Code Baseline Results Worksheet 180° Rotation
B37: =IF(AND(C38=Menus!$I$3,OR(Z52=0,Z66=0,Z80=0)),"Missing baseline rotations. Set to '"&Menus!$I$2&"'"," ") | G37: Case Name | I37: Result File Path and Name | O37: Timestamp | R37: Peak Electrical Demand | Y37: Energy Results
F38: Imported Data | G38: ='BL Data'!A8 -> 0 | I38: ='BL Data'!B8 -> 0 | O38: ='BL Data'!C8 -> 0 | R38: ='BL Data'!BM8/1000 -> 0 | S38: kW | Y38: Total | Z38: =SUM(C47:AA47) -> 0 | AA38: ='Project Info'!$I$5 -> kBtu
F39: Manual Input | S39: kW | Z39: =IFERROR(Z38/$C$11,0) -> 0 | AA39: =IF('Project Info'!$I$4=Menus!$A$2,"kWh/m²","kBtu/ft²") -> kBtu/ft²
F40: Value Used | G40: =IF(ISBLANK(G39),G38,G39) -> 0 | I40: =IF(ISBLANK(I39),I38,I39) -> 0 | O40: =IF(ISBLANK(O39),O38,O39) -> 0 | R40: =IF(ISBLANK(R39),R38,R39) -> 0 | S40: kW
B42: End Use | C42: Heating | G42: Cooling | I42: Lighting | J42: Exterior Lighting | K42: Equipment | N42: Exterior Equipment | O42: Fans | P42: Pumps | Q42: Heat Rejection | R42: Humidification | S42: Heat Recovery | T42: Water Systems | X42: Refrigeration | Y42: Generators | Z42: ='Project Info'!$I$10 -> 0 | AA42: ='Project Info'!$J$10 -> 0
B43: Fuel Source | C43: Electricity | D43: Gas | E43: Additional Fuel | F43: District Heating | G43: Electricity | H43: District Cooling | I43: Electricity | J43: Electricity | K43: Electricity | L43: Gas | M43: Additional Fuel | N43: Electricity | O43: Electricity | P43: Electricity | Q43: Electricity | R43: Electricity | S43: Electricity | T43: Electricity | U43: Gas | V43: Additional Fuel | W43: District Heating | X43: Electricity | Y43: Electricity | Z43: Electricity | AA43: Electricity
B44: Input Units | C44: ='Project Info'!$I$5 -> kBtu | D44: ='Project Info'!$I$5 -> kBtu | E44: ='Project Info'!$I$5 -> kBtu | F44: ='Project Info'!$I$5 -> kBtu | G44: ='Project Info'!$I$5 -> kBtu | H44: ='Project Info'!$I$5 -> kBtu | I44: ='Project Info'!$I$5 -> kBtu | J44: ='Project Info'!$I$5 -> kBtu | ... AA44: ='Project Info'!$I$5 -> kBtu
B45: Imported Data | C45: ='BL Data'!O8 -> 0 | D45: ='BL Data'!P8 -> 0 | E45: ='BL Data'!Q8 -> 0 | F45: ='BL Data'!R8 -> 0 | G45: ='BL Data'!S8 -> 0 | H45: ='BL Data'!T8 -> 0 | I45: ='BL Data'!U8 -> 0 | J45: ='BL Data'!V8 -> 0 | ... AA45: ='BL Data'!AM8 -> 0
B46: Manual Input
B47: Value Used | C47: =IF(ISBLANK(C46),C45,C46) -> 0 | D47: =IF(ISBLANK(D46),D45,D46) -> 0 | E47: =IF(ISBLANK(E46),E45,E46) -> 0 | F47: =IF(ISBLANK(F46),F45,F46) -> 0 | G47: =IF(ISBLANK(G46),G45,G46) -> 0 | H47: =IF(ISBLANK(H46),H45,H46) -> 0 | I47: =IF(ISBLANK(I46),I45,I46) -> 0 | J47: =IF(ISBLANK(J46),J45,J46) -> 0 | ... AA47: =IF(ISBLANK(AA46),AA45,AA46) -> 0
B49: =IF($C$10=Menus!$I$2,"N/A",_xlfn.CONCAT($A$1," 270° Rotation")) -> Code Baseline Results Worksheet 270° Rotation
B51: =IF(AND(C52=Menus!$I$3,OR(Z66=0,Z80=0,Z94=0)),"Missing baseline rotations. Set to '"&Menus!$I$2&"'"," ") | G51: Case Name | I51: Result File Path and Name | O51: Timestamp | R51: Peak Electrical Demand | Y51: Energy Results
F52: Imported Data | G52: ='BL Data'!A9 -> 0 | I52: ='BL Data'!B9 -> 0 | O52: ='BL Data'!C9 -> 0 | R52: ='BL Data'!BM9/1000 -> 0 | S52: kW | Y52: Total | Z52: =SUM(C61:AA61) -> 0 | AA52: ='Project Info'!$I$5 -> kBtu
F53: Manual Input | S53: kW | Z53: =IFERROR(Z52/$C$11,0) -> 0 | AA53: =IF('Project Info'!$I$4=Menus!$A$2,"kWh/m²","kBtu/ft²") -> kBtu/ft²
F54: Value Used | G54: =IF(ISBLANK(G53),G52,G53) -> 0 | I54: =IF(ISBLANK(I53),I52,I53) -> 0 | O54: =IF(ISBLANK(O53),O52,O53) -> 0 | R54: =IF(ISBLANK(R53),R52,R53) -> 0 | S54: kW
B56: End Use | C56: Heating | G56: Cooling | I56: Lighting | J56: Exterior Lighting | K56: Equipment | N56: Exterior Equipment | O56: Fans | P56: Pumps | Q56: Heat Rejection | R56: Humidification | S56: Heat Recovery | T56: Water Systems | X56: Refrigeration | Y56: Generators | Z56: ='Project Info'!$I$10 -> 0 | AA56: ='Project Info'!$J$10 -> 0
B57: Fuel Source | C57: Electricity | D57: Gas | E57: Additional Fuel | F57: District Heating | G57: Electricity | H57: District Cooling | I57: Electricity | J57: Electricity | K57: Electricity | L57: Gas | M57: Additional Fuel | N57: Electricity | O57: Electricity | P57: Electricity | Q57: Electricity | R57: Electricity | S57: Electricity | T57: Electricity | U57: Gas | V57: Additional Fuel | W57: District Heating | X57: Electricity | Y57: Electricity | Z57: Electricity | AA57: Electricity
B58: Input Units | C58: ='Project Info'!$I$5 -> kBtu | D58: ='Project Info'!$I$5 -> kBtu | E58: ='Project Info'!$I$5 -> kBtu | F58: ='Project Info'!$I$5 -> kBtu | G58: ='Project Info'!$I$5 -> kBtu | H58: ='Project Info'!$I$5 -> kBtu | I58: ='Project Info'!$I$5 -> kBtu | J58: ='Project Info'!$I$5 -> kBtu | ... AA58: ='Project Info'!$I$5 -> kBtu
B59: Imported Data | C59: ='BL Data'!O9 -> 0 | D59: ='BL Data'!P9 -> 0 | E59: ='BL Data'!Q9 -> 0 | F59: ='BL Data'!R9 -> 0 | G59: ='BL Data'!S9 -> 0 | H59: ='BL Data'!T9 -> 0 | I59: ='BL Data'!U9 -> 0 | J59: ='BL Data'!V9 -> 0 | ... AA59: ='BL Data'!AM9 -> 0
B60: Manual Input
B61: Value Used | C61: =IF(ISBLANK(C60),C59,C60) -> 0 | D61: =IF(ISBLANK(D60),D59,D60) -> 0 | E61: =IF(ISBLANK(E60),E59,E60) -> 0 | F61: =IF(ISBLANK(F60),F59,F60) -> 0 | G61: =IF(ISBLANK(G60),G59,G60) -> 0 | H61: =IF(ISBLANK(H60),H59,H60) -> 0 | I61: =IF(ISBLANK(I60),I59,I60) -> 0 | J61: =IF(ISBLANK(J60),J59,J60) -> 0 | ... AA61: =IF(ISBLANK(AA60),AA59,AA60) -> 0

Sheet Proposed
A1: Proposed Case(s) Results Worksheet
B3: Instructions
B4: If the 'Proposed Data' tab has been populated with alternatives with a script, use the pulldowns next to the 'Select Case' to choose the parametric scenario to use as the proposed case. The results will automatically be pulled in from the database. Use the input cells to manually input values without using the database, or to override or add to database values.
B7: Proposed Case 1
G9: Case Name | I9: Result File Path and Name | O9: Timestamp | R9: Peak Electrical Demand | U9: Renewable Energy Generation | Y9: Energy Results
B10: Select Case | C10: Primary 0° | F10: Imported Data | G10: =C10 -> Primary 0° | I10: =IFERROR(INDEX('Proposed Data'!$B$2:$B$100,MATCH(Proposed!$C10,'Proposed Data'!$A$2:$A$100,0)),0) -> Casa De Amparo_v4z 1.pdf | O10: =IFERROR(INDEX('Proposed Data'!$C$2:$C$100,MATCH(Proposed!$C10,'Proposed Data'!$A$2:$A$100,0)),0) -> Jun 11, 2026 - 10:50 PM | R10: =IFERROR(INDEX('Proposed Data'!$BM$2:$BM$100,MATCH(Proposed!$C10,'Proposed Data'!$A$2:$A$100,0)),0)/1000 -> 53 | S10: kW | U10: PV | V10: Wind | W10: SolarHW | Y10: Total | Z10: =Calculations!BQ12 -> 689470.52 | AA10: ='Project Info'!$I$5 -> kBtu
B11: Area | C11: =IFERROR(IF(ISBLANK('Project Info'!$D$7),(INDEX('Proposed Data'!BP$2:BP$100,MATCH(Proposed!$C10,'Proposed Data'!$A$2:$A$100,0))),'Project Info'!$D$7),0) -> 13652 | D11: =IF($I$11="SI","m²","ft²") -> ft² | F11: Manual Input | G11: Proposed Design | S11: kW | Z11: =IFERROR(Z10/C11,0) -> 50.503261 | AA11: =IF('Project Info'!$I$4=Menus!$A$2,"kWh/m²","kBtu/ft²") -> kBtu/ft²
F12: Value Used | G12: =IF(ISBLANK(G11),G10,G11) -> Proposed Design | I12: =IF(ISBLANK(I11),I10,I11) -> Casa De Amparo_v4z 1.pdf | O12: =IF(ISBLANK(O11),O10,O11) -> Jun 11, 2026 - 10:50 PM | R12: =IF(ISBLANK(R11),R10,R11) -> 53 | S12: kW | U12: kWh | V12: kWh | W12: kWh
B14: End Use | C14: Heating | G14: Cooling | I14: Lighting | J14: Exterior Lighting | K14: Equipment | N14: Exterior Equipment | O14: Fans | P14: Pumps | Q14: Heat Rejection | R14: Humidification | S14: Heat Recovery | T14: Water Systems | X14: Refrigeration | Y14: Generators | Z14: ='Project Info'!$I$10 -> 0 | AA14: ='Project Info'!$J$10 -> 0
B15: Fuel Source | C15: Electricity | D15: Gas | E15: Additional Fuel | F15: District Heating | G15: Electricity | H15: District Cooling | I15: Electricity | J15: Electricity | K15: Electricity | L15: Gas | M15: Additional Fuel | N15: Electricity | O15: Electricity | P15: Electricity | Q15: Electricity | R15: Electricity | S15: Electricity | T15: Electricity | U15: Gas | V15: Additional Fuel | W15: District Heating | X15: Electricity | Y15: Electricity | Z15: Electricity | AA15: Electricity
B16: Input Units | C16: ='Project Info'!$I$5 -> kBtu | D16: ='Project Info'!$I$5 -> kBtu | E16: ='Project Info'!$I$5 -> kBtu | F16: ='Project Info'!$I$5 -> kBtu | G16: ='Project Info'!$I$5 -> kBtu | H16: ='Project Info'!$I$5 -> kBtu | I16: ='Project Info'!$I$5 -> kBtu | J16: ='Project Info'!$I$5 -> kBtu | ... AA16: ='Project Info'!$I$5 -> kBtu
B17: Imported Data | C17: =IFERROR(INDEX('Proposed Data'!O$2:O$100,MATCH(Proposed!$C10,'Proposed Data'!$A$2:$A$100,0)),0) -> 38337.232 | D17: =IFERROR(INDEX('Proposed Data'!P$2:P$100,MATCH(Proposed!$C10,'Proposed Data'!$A$2:$A$100,0)),0) -> 0 | E17: =IFERROR(INDEX('Proposed Data'!Q$2:Q$100,MATCH(Proposed!$C10,'Proposed Data'!$A$2:$A$100,0)),0) -> 0 | F17: =IFERROR(INDEX('Proposed Data'!R$2:R$100,MATCH(Proposed!$C10,'Proposed Data'!$A$2:$A$100,0)),0) -> 0 | G17: =IFERROR(INDEX('Proposed Data'!S$2:S$100,MATCH(Proposed!$C10,'Proposed Data'!$A$2:$A$100,0)),0) -> 142882.62 | H17: =IFERROR(INDEX('Proposed Data'!T$2:T$100,MATCH(Proposed!$C10,'Proposed Data'!$A$2:$A$100,0)),0) -> 0 | I17: =IFERROR(INDEX('Proposed Data'!U$2:U$100,MATCH(Proposed!$C10,'Proposed Data'!$A$2:$A$100,0)),0) -> 153372.81 | J17: =IFERROR(INDEX('Proposed Data'!V$2:V$100,MATCH(Proposed!$C10,'Proposed Data'!$A$2:$A$100,0)),0) -> 0 | ... AA17: =IFERROR(INDEX('Proposed Data'!AM$2:AM$100,MATCH(Proposed!$C10,'Proposed Data'!$A$2:$A$100,0)),0) -> 0
B18: Manual Input
B19: Value Used | C19: =IF(ISBLANK(C18),C17,C18) -> 38337.232 | D19: =IF(ISBLANK(D18),D17,D18) -> 0 | E19: =IF(ISBLANK(E18),E17,E18) -> 0 | F19: =IF(ISBLANK(F18),F17,F18) -> 0 | G19: =IF(ISBLANK(G18),G17,G18) -> 142882.62 | H19: =IF(ISBLANK(H18),H17,H18) -> 0 | I19: =IF(ISBLANK(I18),I17,I18) -> 153372.81 | J19: =IF(ISBLANK(J18),J17,J18) -> 0 | ... AA19: =IF(ISBLANK(AA18),AA17,AA18) -> 0
B21: Proposed Case 2
G23: Case Name | I23: Result File Path and Name | O23: Timestamp | R23: Peak Electrical Demand | U23: Renewable Energy Generation | Y23: Energy Results
B24: Select Case | F24: Imported Data | G24: =C24 -> 0 | I24: =IFERROR(INDEX('Proposed Data'!$B$2:$B$100,MATCH(Proposed!$C24,'Proposed Data'!$A$2:$A$100,0)),0) -> 0 | O24: =IFERROR(INDEX('Proposed Data'!$C$2:$C$100,MATCH(Proposed!$C24,'Proposed Data'!$A$2:$A$100,0)),0) -> 0 | R24: =IFERROR(INDEX('Proposed Data'!$BM$2:$BM$100,MATCH(Proposed!$C24,'Proposed Data'!$A$2:$A$100,0)),0)/1000 -> 0 | S24: kW | U24: PV | V24: Wind | W24: SolarHW | Y24: Total | Z24: =Calculations!BQ13 -> 0 | AA24: ='Project Info'!$I$5 -> kBtu
B25: Area | C25: =IFERROR(IF(ISBLANK('Project Info'!$D$7),(INDEX('Proposed Data'!BP$2:BP$100,MATCH(Proposed!$C24,'Proposed Data'!$A$2:$A$100,0))),'Project Info'!$D$7),0) -> 13652 | D25: =IF($I$11="SI","m²","ft²") -> ft² | F25: Manual Input | S25: kW | Z25: =IFERROR(Z24/C25,0) -> 0 | AA25: =IF('Project Info'!$I$4=Menus!$A$2,"kWh/m²","kBtu/ft²") -> kBtu/ft²
F26: Value Used | G26: =IF(ISBLANK(G25),G24,G25) -> 0 | I26: =IF(ISBLANK(I25),I24,I25) -> 0 | O26: =IF(ISBLANK(O25),O24,O25) -> 0 | R26: =IF(ISBLANK(R25),R24,R25) -> 0 | S26: kW | U26: kWh | V26: kWh | W26: kWh
B28: End Use | C28: Heating | G28: Cooling | I28: Lighting | J28: Exterior Lighting | K28: Equipment | N28: Exterior Equipment | O28: Fans | P28: Pumps | Q28: Heat Rejection | R28: Humidification | S28: Heat Recovery | T28: Water Systems | X28: Refrigeration | Y28: Generators | Z28: ='Project Info'!$I$10 -> 0 | AA28: ='Project Info'!$J$10 -> 0
B29: Fuel Source | C29: Electricity | D29: Gas | E29: Additional Fuel | F29: District Heating | G29: Electricity | H29: District Cooling | I29: Electricity | J29: Electricity | K29: Electricity | L29: Gas | M29: Additional Fuel | N29: Electricity | O29: Electricity | P29: Electricity | Q29: Electricity | R29: Electricity | S29: Electricity | T29: Electricity | U29: Gas | V29: Additional Fuel | W29: District Heating | X29: Electricity | Y29: Electricity | Z29: Electricity | AA29: Electricity
B30: Input Units | C30: ='Project Info'!$I$5 -> kBtu | D30: ='Project Info'!$I$5 -> kBtu | E30: ='Project Info'!$I$5 -> kBtu | F30: ='Project Info'!$I$5 -> kBtu | G30: ='Project Info'!$I$5 -> kBtu | H30: ='Project Info'!$I$5 -> kBtu | I30: ='Project Info'!$I$5 -> kBtu | J30: ='Project Info'!$I$5 -> kBtu | ... AA30: ='Project Info'!$I$5 -> kBtu
B31: Imported Data | C31: =IFERROR(INDEX('Proposed Data'!O$2:O$100,MATCH(Proposed!$C24,'Proposed Data'!$A$2:$A$100,0)),0) -> 0 | D31: =IFERROR(INDEX('Proposed Data'!P$2:P$100,MATCH(Proposed!$C24,'Proposed Data'!$A$2:$A$100,0)),0) -> 0 | E31: =IFERROR(INDEX('Proposed Data'!Q$2:Q$100,MATCH(Proposed!$C24,'Proposed Data'!$A$2:$A$100,0)),0) -> 0 | F31: =IFERROR(INDEX('Proposed Data'!R$2:R$100,MATCH(Proposed!$C24,'Proposed Data'!$A$2:$A$100,0)),0) -> 0 | G31: =IFERROR(INDEX('Proposed Data'!S$2:S$100,MATCH(Proposed!$C24,'Proposed Data'!$A$2:$A$100,0)),0) -> 0 | H31: =IFERROR(INDEX('Proposed Data'!T$2:T$100,MATCH(Proposed!$C24,'Proposed Data'!$A$2:$A$100,0)),0) -> 0 | I31: =IFERROR(INDEX('Proposed Data'!U$2:U$100,MATCH(Proposed!$C24,'Proposed Data'!$A$2:$A$100,0)),0) -> 0 | J31: =IFERROR(INDEX('Proposed Data'!V$2:V$100,MATCH(Proposed!$C24,'Proposed Data'!$A$2:$A$100,0)),0) -> 0 | ... AA31: =IFERROR(INDEX('Proposed Data'!AM$2:AM$100,MATCH(Proposed!$C24,'Proposed Data'!$A$2:$A$100,0)),0) -> 0
B32: Manual Input
B33: Value Used | C33: =IF(ISBLANK(C32),C31,C32) -> 0 | D33: =IF(ISBLANK(D32),D31,D32) -> 0 | E33: =IF(ISBLANK(E32),E31,E32) -> 0 | F33: =IF(ISBLANK(F32),F31,F32) -> 0 | G33: =IF(ISBLANK(G32),G31,G32) -> 0 | H33: =IF(ISBLANK(H32),H31,H32) -> 0 | I33: =IF(ISBLANK(I32),I31,I32) -> 0 | J33: =IF(ISBLANK(J32),J31,J32) -> 0 | ... AA33: =IF(ISBLANK(AA32),AA31,AA32) -> 0
B35: Proposed Case 3
G37: Case Name | I37: Result File Path and Name | O37: Timestamp | R37: Peak Electrical Demand | U37: Renewable Energy Generation | Y37: Energy Results
B38: Select Case | F38: Imported Data | G38: =C38 -> 0 | I38: =IFERROR(INDEX('Proposed Data'!$B$2:$B$100,MATCH(Proposed!$C38,'Proposed Data'!$A$2:$A$100,0)),0) -> 0 | O38: =IFERROR(INDEX('Proposed Data'!$C$2:$C$100,MATCH(Proposed!$C38,'Proposed Data'!$A$2:$A$100,0)),0) -> 0 | R38: =IFERROR(INDEX('Proposed Data'!$BM$2:$BM$100,MATCH(Proposed!$C38,'Proposed Data'!$A$2:$A$100,0)),0)/1000 -> 0 | S38: kW | U38: PV | V38: Wind | W38: SolarHW | Y38: Total | Z38: =Calculations!BQ14 -> 0 | AA38: ='Project Info'!$I$5 -> kBtu
B39: Area | C39: =IFERROR(IF(ISBLANK('Project Info'!$D$7),(INDEX('Proposed Data'!BP$2:BP$100,MATCH(Proposed!$C38,'Proposed Data'!$A$2:$A$100,0))),'Project Info'!$D$7),0) -> 13652 | D39: =IF($I$11="SI","m²","ft²") -> ft² | F39: Manual Input | S39: kW | Z39: =IFERROR(Z38/C39,0) -> 0 | AA39: =IF('Project Info'!$I$4=Menus!$A$2,"kWh/m²","kBtu/ft²") -> kBtu/ft²
F40: Value Used | G40: =IF(ISBLANK(G39),G38,G39) -> 0 | I40: =IF(ISBLANK(I39),I38,I39) -> 0 | O40: =IF(ISBLANK(O39),O38,O39) -> 0 | R40: =IF(ISBLANK(R39),R38,R39) -> 0 | S40: kW | U40: kWh | V40: kWh | W40: kWh
B42: End Use | C42: Heating | G42: Cooling | I42: Lighting | J42: Exterior Lighting | K42: Equipment | N42: Exterior Equipment | O42: Fans | P42: Pumps | Q42: Heat Rejection | R42: Humidification | S42: Heat Recovery | T42: Water Systems | X42: Refrigeration | Y42: Generators | Z42: ='Project Info'!$I$10 -> 0 | AA42: ='Project Info'!$J$10 -> 0
B43: Fuel Source | C43: Electricity | D43: Gas | E43: Additional Fuel | F43: District Heating | G43: Electricity | H43: District Cooling | I43: Electricity | J43: Electricity | K43: Electricity | L43: Gas | M43: Additional Fuel | N43: Electricity | O43: Electricity | P43: Electricity | Q43: Electricity | R43: Electricity | S43: Electricity | T43: Electricity | U43: Gas | V43: Additional Fuel | W43: District Heating | X43: Electricity | Y43: Electricity | Z43: Electricity | AA43: Electricity
B44: Input Units | C44: ='Project Info'!$I$5 -> kBtu | D44: ='Project Info'!$I$5 -> kBtu | E44: ='Project Info'!$I$5 -> kBtu | F44: ='Project Info'!$I$5 -> kBtu | G44: ='Project Info'!$I$5 -> kBtu | H44: ='Project Info'!$I$5 -> kBtu | I44: ='Project Info'!$I$5 -> kBtu | J44: ='Project Info'!$I$5 -> kBtu | ... AA44: ='Project Info'!$I$5 -> kBtu
B45: Imported Data | C45: =IFERROR(INDEX('Proposed Data'!O$2:O$100,MATCH(Proposed!$C38,'Proposed Data'!$A$2:$A$100,0)),0) -> 0 | D45: =IFERROR(INDEX('Proposed Data'!P$2:P$100,MATCH(Proposed!$C38,'Proposed Data'!$A$2:$A$100,0)),0) -> 0 | E45: =IFERROR(INDEX('Proposed Data'!Q$2:Q$100,MATCH(Proposed!$C38,'Proposed Data'!$A$2:$A$100,0)),0) -> 0 | F45: =IFERROR(INDEX('Proposed Data'!R$2:R$100,MATCH(Proposed!$C38,'Proposed Data'!$A$2:$A$100,0)),0) -> 0 | G45: =IFERROR(INDEX('Proposed Data'!S$2:S$100,MATCH(Proposed!$C38,'Proposed Data'!$A$2:$A$100,0)),0) -> 0 | H45: =IFERROR(INDEX('Proposed Data'!T$2:T$100,MATCH(Proposed!$C38,'Proposed Data'!$A$2:$A$100,0)),0) -> 0 | I45: =IFERROR(INDEX('Proposed Data'!U$2:U$100,MATCH(Proposed!$C38,'Proposed Data'!$A$2:$A$100,0)),0) -> 0 | J45: =IFERROR(INDEX('Proposed Data'!V$2:V$100,MATCH(Proposed!$C38,'Proposed Data'!$A$2:$A$100,0)),0) -> 0 | ... AA45: =IFERROR(INDEX('Proposed Data'!AM$2:AM$100,MATCH(Proposed!$C38,'Proposed Data'!$A$2:$A$100,0)),0) -> 0
B46: Manual Input
B47: Value Used | C47: =IF(ISBLANK(C46),C45,C46) -> 0 | D47: =IF(ISBLANK(D46),D45,D46) -> 0 | E47: =IF(ISBLANK(E46),E45,E46) -> 0 | F47: =IF(ISBLANK(F46),F45,F46) -> 0 | G47: =IF(ISBLANK(G46),G45,G46) -> 0 | H47: =IF(ISBLANK(H46),H45,H46) -> 0 | I47: =IF(ISBLANK(I46),I45,I46) -> 0 | J47: =IF(ISBLANK(J46),J45,J46) -> 0 | ... AA47: =IF(ISBLANK(AA46),AA45,AA46) -> 0
B49: Proposed Case 4
G51: Case Name | I51: Result File Path and Name | O51: Timestamp | R51: Peak Electrical Demand | U51: Renewable Energy Generation | Y51: Energy Results
B52: Select Case | F52: Imported Data | G52: =C52 -> 0 | I52: =IFERROR(INDEX('Proposed Data'!$B$2:$B$100,MATCH(Proposed!$C52,'Proposed Data'!$A$2:$A$100,0)),0) -> 0 | O52: =IFERROR(INDEX('Proposed Data'!$C$2:$C$100,MATCH(Proposed!$C52,'Proposed Data'!$A$2:$A$100,0)),0) -> 0 | R52: =IFERROR(INDEX('Proposed Data'!$BM$2:$BM$100,MATCH(Proposed!$C52,'Proposed Data'!$A$2:$A$100,0)),0)/1000 -> 0 | S52: kW | U52: PV | V52: Wind | W52: SolarHW | Y52: Total | Z52: =Calculations!BQ15 -> 0 | AA52: ='Project Info'!$I$5 -> kBtu
B53: Area | C53: =IFERROR(IF(ISBLANK('Project Info'!$D$7),(INDEX('Proposed Data'!BP$2:BP$100,MATCH(Proposed!$C52,'Proposed Data'!$A$2:$A$100,0))),'Project Info'!$D$7),0) -> 13652 | D53: =IF($I$11="SI","m²","ft²") -> ft² | F53: Manual Input | S53: kW | Z53: =IFERROR(Z52/C53,0) -> 0 | AA53: =IF('Project Info'!$I$4=Menus!$A$2,"kWh/m²","kBtu/ft²") -> kBtu/ft²
F54: Value Used | G54: =IF(ISBLANK(G53),G52,G53) -> 0 | I54: =IF(ISBLANK(I53),I52,I53) -> 0 | O54: =IF(ISBLANK(O53),O52,O53) -> 0 | R54: =IF(ISBLANK(R53),R52,R53) -> 0 | S54: kW | U54: kWh | V54: kWh | W54: kWh
B56: End Use | C56: Heating | G56: Cooling | I56: Lighting | J56: Exterior Lighting | K56: Equipment | N56: Exterior Equipment | O56: Fans | P56: Pumps | Q56: Heat Rejection | R56: Humidification | S56: Heat Recovery | T56: Water Systems | X56: Refrigeration | Y56: Generators | Z56: ='Project Info'!$I$10 -> 0 | AA56: ='Project Info'!$J$10 -> 0
B57: Fuel Source | C57: Electricity | D57: Gas | E57: Additional Fuel | F57: District Heating | G57: Electricity | H57: District Cooling | I57: Electricity | J57: Electricity | K57: Electricity | L57: Gas | M57: Additional Fuel | N57: Electricity | O57: Electricity | P57: Electricity | Q57: Electricity | R57: Electricity | S57: Electricity | T57: Electricity | U57: Gas | V57: Additional Fuel | W57: District Heating | X57: Electricity | Y57: Electricity | Z57: Electricity | AA57: Electricity
B58: Input Units | C58: ='Project Info'!$I$5 -> kBtu | D58: ='Project Info'!$I$5 -> kBtu | E58: ='Project Info'!$I$5 -> kBtu | F58: ='Project Info'!$I$5 -> kBtu | G58: ='Project Info'!$I$5 -> kBtu | H58: ='Project Info'!$I$5 -> kBtu | I58: ='Project Info'!$I$5 -> kBtu | J58: ='Project Info'!$I$5 -> kBtu | ... AA58: ='Project Info'!$I$5 -> kBtu
B59: Imported Data | C59: =IFERROR(INDEX('Proposed Data'!O$2:O$100,MATCH(Proposed!$C52,'Proposed Data'!$A$2:$A$100,0)),0) -> 0 | D59: =IFERROR(INDEX('Proposed Data'!P$2:P$100,MATCH(Proposed!$C52,'Proposed Data'!$A$2:$A$100,0)),0) -> 0 | E59: =IFERROR(INDEX('Proposed Data'!Q$2:Q$100,MATCH(Proposed!$C52,'Proposed Data'!$A$2:$A$100,0)),0) -> 0 | F59: =IFERROR(INDEX('Proposed Data'!R$2:R$100,MATCH(Proposed!$C52,'Proposed Data'!$A$2:$A$100,0)),0) -> 0 | G59: =IFERROR(INDEX('Proposed Data'!S$2:S$100,MATCH(Proposed!$C52,'Proposed Data'!$A$2:$A$100,0)),0) -> 0 | H59: =IFERROR(INDEX('Proposed Data'!T$2:T$100,MATCH(Proposed!$C52,'Proposed Data'!$A$2:$A$100,0)),0) -> 0 | I59: =IFERROR(INDEX('Proposed Data'!U$2:U$100,MATCH(Proposed!$C52,'Proposed Data'!$A$2:$A$100,0)),0) -> 0 | J59: =IFERROR(INDEX('Proposed Data'!V$2:V$100,MATCH(Proposed!$C52,'Proposed Data'!$A$2:$A$100,0)),0) -> 0 | ... AA59: =IFERROR(INDEX('Proposed Data'!AM$2:AM$100,MATCH(Proposed!$C52,'Proposed Data'!$A$2:$A$100,0)),0) -> 0
B60: Manual Input
B61: Value Used | C61: =IF(ISBLANK(C60),C59,C60) -> 0 | D61: =IF(ISBLANK(D60),D59,D60) -> 0 | E61: =IF(ISBLANK(E60),E59,E60) -> 0 | F61: =IF(ISBLANK(F60),F59,F60) -> 0 | G61: =IF(ISBLANK(G60),G59,G60) -> 0 | H61: =IF(ISBLANK(H60),H59,H60) -> 0 | I61: =IF(ISBLANK(I60),I59,I60) -> 0 | J61: =IF(ISBLANK(J60),J59,J60) -> 0 | ... AA61: =IF(ISBLANK(AA60),AA59,AA60) -> 0
B63: Proposed Case 5
G65: Case Name | I65: Result File Path and Name | O65: Timestamp | R65: Peak Electrical Demand | U65: Renewable Energy Generation | Y65: Energy Results
B66: Select Case | F66: Imported Data | G66: =C66 -> 0 | I66: =IFERROR(INDEX('Proposed Data'!$B$2:$B$100,MATCH(Proposed!$C66,'Proposed Data'!$A$2:$A$100,0)),0) -> 0 | O66: =IFERROR(INDEX('Proposed Data'!$C$2:$C$100,MATCH(Proposed!$C66,'Proposed Data'!$A$2:$A$100,0)),0) -> 0 | R66: =IFERROR(INDEX('Proposed Data'!$BM$2:$BM$100,MATCH(Proposed!$C66,'Proposed Data'!$A$2:$A$100,0)),0)/1000 -> 0 | S66: kW | U66: PV | V66: Wind | W66: SolarHW | Y66: Total | Z66: =Calculations!BQ16 -> 0 | AA66: ='Project Info'!$I$5 -> kBtu
B67: Area | C67: =IFERROR(IF(ISBLANK('Project Info'!$D$7),(INDEX('Proposed Data'!BP$2:BP$100,MATCH(Proposed!$C66,'Proposed Data'!$A$2:$A$100,0))),'Project Info'!$D$7),0) -> 13652 | D67: =IF($I$11="SI","m²","ft²") -> ft² | F67: Manual Input | S67: kW | Z67: =IFERROR(Z66/C67,0) -> 0 | AA67: =IF('Project Info'!$I$4=Menus!$A$2,"kWh/m²","kBtu/ft²") -> kBtu/ft²
F68: Value Used | G68: =IF(ISBLANK(G67),G66,G67) -> 0 | I68: =IF(ISBLANK(I67),I66,I67) -> 0 | O68: =IF(ISBLANK(O67),O66,O67) -> 0 | R68: =IF(ISBLANK(R67),R66,R67) -> 0 | S68: kW | U68: kWh | V68: kWh | W68: kWh
B70: End Use | C70: Heating | G70: Cooling | I70: Lighting | J70: Exterior Lighting | K70: Equipment | N70: Exterior Equipment | O70: Fans | P70: Pumps | Q70: Heat Rejection | R70: Humidification | S70: Heat Recovery | T70: Water Systems | X70: Refrigeration | Y70: Generators | Z70: ='Project Info'!$I$10 -> 0 | AA70: ='Project Info'!$J$10 -> 0
B71: Fuel Source | C71: Electricity | D71: Gas | E71: Additional Fuel | F71: District Heating | G71: Electricity | H71: District Cooling | I71: Electricity | J71: Electricity | K71: Electricity | L71: Gas | M71: Additional Fuel | N71: Electricity | O71: Electricity | P71: Electricity | Q71: Electricity | R71: Electricity | S71: Electricity | T71: Electricity | U71: Gas | V71: Additional Fuel | W71: District Heating | X71: Electricity | Y71: Electricity | Z71: Electricity | AA71: Electricity
B72: Input Units | C72: ='Project Info'!$I$5 -> kBtu | D72: ='Project Info'!$I$5 -> kBtu | E72: ='Project Info'!$I$5 -> kBtu | F72: ='Project Info'!$I$5 -> kBtu | G72: ='Project Info'!$I$5 -> kBtu | H72: ='Project Info'!$I$5 -> kBtu | I72: ='Project Info'!$I$5 -> kBtu | J72: ='Project Info'!$I$5 -> kBtu | ... AA72: ='Project Info'!$I$5 -> kBtu
B73: Imported Data | C73: =IFERROR(INDEX('Proposed Data'!O$2:O$100,MATCH(Proposed!$C66,'Proposed Data'!$A$2:$A$100,0)),0) -> 0 | D73: =IFERROR(INDEX('Proposed Data'!P$2:P$100,MATCH(Proposed!$C66,'Proposed Data'!$A$2:$A$100,0)),0) -> 0 | E73: =IFERROR(INDEX('Proposed Data'!Q$2:Q$100,MATCH(Proposed!$C66,'Proposed Data'!$A$2:$A$100,0)),0) -> 0 | F73: =IFERROR(INDEX('Proposed Data'!R$2:R$100,MATCH(Proposed!$C66,'Proposed Data'!$A$2:$A$100,0)),0) -> 0 | G73: =IFERROR(INDEX('Proposed Data'!S$2:S$100,MATCH(Proposed!$C66,'Proposed Data'!$A$2:$A$100,0)),0) -> 0 | H73: =IFERROR(INDEX('Proposed Data'!T$2:T$100,MATCH(Proposed!$C66,'Proposed Data'!$A$2:$A$100,0)),0) -> 0 | I73: =IFERROR(INDEX('Proposed Data'!U$2:U$100,MATCH(Proposed!$C66,'Proposed Data'!$A$2:$A$100,0)),0) -> 0 | J73: =IFERROR(INDEX('Proposed Data'!V$2:V$100,MATCH(Proposed!$C66,'Proposed Data'!$A$2:$A$100,0)),0) -> 0 | ... AA73: =IFERROR(INDEX('Proposed Data'!AM$2:AM$100,MATCH(Proposed!$C66,'Proposed Data'!$A$2:$A$100,0)),0) -> 0
B74: Manual Input
B75: Value Used | C75: =IF(ISBLANK(C74),C73,C74) -> 0 | D75: =IF(ISBLANK(D74),D73,D74) -> 0 | E75: =IF(ISBLANK(E74),E73,E74) -> 0 | F75: =IF(ISBLANK(F74),F73,F74) -> 0 | G75: =IF(ISBLANK(G74),G73,G74) -> 0 | H75: =IF(ISBLANK(H74),H73,H74) -> 0 | I75: =IF(ISBLANK(I74),I73,I74) -> 0 | J75: =IF(ISBLANK(J74),J73,J74) -> 0 | ... AA75: =IF(ISBLANK(AA74),AA73,AA74) -> 0
B77: Proposed Case 6
G79: Case Name | I79: Result File Path and Name | O79: Timestamp | R79: Peak Electrical Demand | U79: Renewable Energy Generation | Y79: Energy Results
B80: Select Case | F80: Imported Data | G80: =C80 -> 0 | I80: =IFERROR(INDEX('Proposed Data'!$B$2:$B$100,MATCH(Proposed!$C80,'Proposed Data'!$A$2:$A$100,0)),0) -> 0 | O80: =IFERROR(INDEX('Proposed Data'!$C$2:$C$100,MATCH(Proposed!$C80,'Proposed Data'!$A$2:$A$100,0)),0) -> 0 | R80: =IFERROR(INDEX('Proposed Data'!$BM$2:$BM$100,MATCH(Proposed!$C80,'Proposed Data'!$A$2:$A$100,0)),0)/1000 -> 0 | S80: kW | U80: PV | V80: Wind | W80: SolarHW | Y80: Total | Z80: =Calculations!BQ17 -> 0 | AA80: ='Project Info'!$I$5 -> kBtu
B81: Area | C81: =IFERROR(IF(ISBLANK('Project Info'!$D$7),(INDEX('Proposed Data'!BP$2:BP$100,MATCH(Proposed!$C80,'Proposed Data'!$A$2:$A$100,0))),'Project Info'!$D$7),0) -> 13652 | D81: =IF($I$11="SI","m²","ft²") -> ft² | F81: Manual Input | S81: kW | Z81: =IFERROR(Z80/C81,0) -> 0 | AA81: =IF('Project Info'!$I$4=Menus!$A$2,"kWh/m²","kBtu/ft²") -> kBtu/ft²
F82: Value Used | G82: =IF(ISBLANK(G81),G80,G81) -> 0 | I82: =IF(ISBLANK(I81),I80,I81) -> 0 | O82: =IF(ISBLANK(O81),O80,O81) -> 0 | R82: =IF(ISBLANK(R81),R80,R81) -> 0 | S82: kW | U82: kWh | V82: kWh | W82: kWh
B84: End Use | C84: Heating | G84: Cooling | I84: Lighting | J84: Exterior Lighting | K84: Equipment | N84: Exterior Equipment | O84: Fans | P84: Pumps | Q84: Heat Rejection | R84: Humidification | S84: Heat Recovery | T84: Water Systems | X84: Refrigeration | Y84: Generators | Z84: ='Project Info'!$I$10 -> 0 | AA84: ='Project Info'!$J$10 -> 0
B85: Fuel Source | C85: Electricity | D85: Gas | E85: Additional Fuel | F85: District Heating | G85: Electricity | H85: District Cooling | I85: Electricity | J85: Electricity | K85: Electricity | L85: Gas | M85: Additional Fuel | N85: Electricity | O85: Electricity | P85: Electricity | Q85: Electricity | R85: Electricity | S85: Electricity | T85: Electricity | U85: Gas | V85: Additional Fuel | W85: District Heating | X85: Electricity | Y85: Electricity | Z85: Electricity | AA85: Electricity
B86: Input Units | C86: ='Project Info'!$I$5 -> kBtu | D86: ='Project Info'!$I$5 -> kBtu | E86: ='Project Info'!$I$5 -> kBtu | F86: ='Project Info'!$I$5 -> kBtu | G86: ='Project Info'!$I$5 -> kBtu | H86: ='Project Info'!$I$5 -> kBtu | I86: ='Project Info'!$I$5 -> kBtu | J86: ='Project Info'!$I$5 -> kBtu | ... AA86: ='Project Info'!$I$5 -> kBtu
B87: Imported Data | C87: =IFERROR(INDEX('Proposed Data'!O$2:O$100,MATCH(Proposed!$C80,'Proposed Data'!$A$2:$A$100,0)),0) -> 0 | D87: =IFERROR(INDEX('Proposed Data'!P$2:P$100,MATCH(Proposed!$C80,'Proposed Data'!$A$2:$A$100,0)),0) -> 0 | E87: =IFERROR(INDEX('Proposed Data'!Q$2:Q$100,MATCH(Proposed!$C80,'Proposed Data'!$A$2:$A$100,0)),0) -> 0 | F87: =IFERROR(INDEX('Proposed Data'!R$2:R$100,MATCH(Proposed!$C80,'Proposed Data'!$A$2:$A$100,0)),0) -> 0 | G87: =IFERROR(INDEX('Proposed Data'!S$2:S$100,MATCH(Proposed!$C80,'Proposed Data'!$A$2:$A$100,0)),0) -> 0 | H87: =IFERROR(INDEX('Proposed Data'!T$2:T$100,MATCH(Proposed!$C80,'Proposed Data'!$A$2:$A$100,0)),0) -> 0 | I87: =IFERROR(INDEX('Proposed Data'!U$2:U$100,MATCH(Proposed!$C80,'Proposed Data'!$A$2:$A$100,0)),0) -> 0 | J87: =IFERROR(INDEX('Proposed Data'!V$2:V$100,MATCH(Proposed!$C80,'Proposed Data'!$A$2:$A$100,0)),0) -> 0 | ... AA87: =IFERROR(INDEX('Proposed Data'!AM$2:AM$100,MATCH(Proposed!$C80,'Proposed Data'!$A$2:$A$100,0)),0) -> 0
B88: Manual Input
B89: Value Used | C89: =IF(ISBLANK(C88),C87,C88) -> 0 | D89: =IF(ISBLANK(D88),D87,D88) -> 0 | E89: =IF(ISBLANK(E88),E87,E88) -> 0 | F89: =IF(ISBLANK(F88),F87,F88) -> 0 | G89: =IF(ISBLANK(G88),G87,G88) -> 0 | H89: =IF(ISBLANK(H88),H87,H88) -> 0 | I89: =IF(ISBLANK(I88),I87,I88) -> 0 | J89: =IF(ISBLANK(J88),J87,J88) -> 0 | ... AA89: =IF(ISBLANK(AA88),AA87,AA88) -> 0
B91: Proposed Case 7
G93: Case Name | I93: Result File Path and Name | O93: Timestamp | R93: Peak Electrical Demand | U93: Renewable Energy Generation | Y93: Energy Results
B94: Select Case | F94: Imported Data | G94: =C94 -> 0 | I94: =IFERROR(INDEX('Proposed Data'!$B$2:$B$100,MATCH(Proposed!$C94,'Proposed Data'!$A$2:$A$100,0)),0) -> 0 | O94: =IFERROR(INDEX('Proposed Data'!$C$2:$C$100,MATCH(Proposed!$C94,'Proposed Data'!$A$2:$A$100,0)),0) -> 0 | R94: =IFERROR(INDEX('Proposed Data'!$BM$2:$BM$100,MATCH(Proposed!$C94,'Proposed Data'!$A$2:$A$100,0)),0)/1000 -> 0 | S94: kW | U94: PV | V94: Wind | W94: SolarHW | Y94: Total | Z94: =Calculations!BQ18 -> 0 | AA94: ='Project Info'!$I$5 -> kBtu
B95: Area | C95: =IFERROR(IF(ISBLANK('Project Info'!$D$7),(INDEX('Proposed Data'!BP$2:BP$100,MATCH(Proposed!$C94,'Proposed Data'!$A$2:$A$100,0))),'Project Info'!$D$7),0) -> 13652 | D95: =IF($I$11="SI","m²","ft²") -> ft² | F95: Manual Input | S95: kW | Z95: =IFERROR(Z94/C95,0) -> 0 | AA95: =IF('Project Info'!$I$4=Menus!$A$2,"kWh/m²","kBtu/ft²") -> kBtu/ft²
F96: Value Used | G96: =IF(ISBLANK(G95),G94,G95) -> 0 | I96: =IF(ISBLANK(I95),I94,I95) -> 0 | O96: =IF(ISBLANK(O95),O94,O95) -> 0 | R96: =IF(ISBLANK(R95),R94,R95) -> 0 | S96: kW | U96: kWh | V96: kWh | W96: kWh
B98: End Use | C98: Heating | G98: Cooling | I98: Lighting | J98: Exterior Lighting | K98: Equipment | N98: Exterior Equipment | O98: Fans | P98: Pumps | Q98: Heat Rejection | R98: Humidification | S98: Heat Recovery | T98: Water Systems | X98: Refrigeration | Y98: Generators | Z98: ='Project Info'!$I$10 -> 0 | AA98: ='Project Info'!$J$10 -> 0
B99: Fuel Source | C99: Electricity | D99: Gas | E99: Additional Fuel | F99: District Heating | G99: Electricity | H99: District Cooling | I99: Electricity | J99: Electricity | K99: Electricity | L99: Gas | M99: Additional Fuel | N99: Electricity | O99: Electricity | P99: Electricity | Q99: Electricity | R99: Electricity | S99: Electricity | T99: Electricity | U99: Gas | V99: Additional Fuel | W99: District Heating | X99: Electricity | Y99: Electricity | Z99: Electricity | AA99: Electricity
B100: Input Units | C100: ='Project Info'!$I$5 -> kBtu | D100: ='Project Info'!$I$5 -> kBtu | E100: ='Project Info'!$I$5 -> kBtu | F100: ='Project Info'!$I$5 -> kBtu | G100: ='Project Info'!$I$5 -> kBtu | H100: ='Project Info'!$I$5 -> kBtu | I100: ='Project Info'!$I$5 -> kBtu | J100: ='Project Info'!$I$5 -> kBtu | ... AA100: ='Project Info'!$I$5 -> kBtu
B101: Imported Data | C101: =IFERROR(INDEX('Proposed Data'!O$2:O$100,MATCH(Proposed!$C94,'Proposed Data'!$A$2:$A$100,0)),0) -> 0 | D101: =IFERROR(INDEX('Proposed Data'!P$2:P$100,MATCH(Proposed!$C94,'Proposed Data'!$A$2:$A$100,0)),0) -> 0 | E101: =IFERROR(INDEX('Proposed Data'!Q$2:Q$100,MATCH(Proposed!$C94,'Proposed Data'!$A$2:$A$100,0)),0) -> 0 | F101: =IFERROR(INDEX('Proposed Data'!R$2:R$100,MATCH(Proposed!$C94,'Proposed Data'!$A$2:$A$100,0)),0) -> 0 | G101: =IFERROR(INDEX('Proposed Data'!S$2:S$100,MATCH(Proposed!$C94,'Proposed Data'!$A$2:$A$100,0)),0) -> 0 | H101: =IFERROR(INDEX('Proposed Data'!T$2:T$100,MATCH(Proposed!$C94,'Proposed Data'!$A$2:$A$100,0)),0) -> 0 | I101: =IFERROR(INDEX('Proposed Data'!U$2:U$100,MATCH(Proposed!$C94,'Proposed Data'!$A$2:$A$100,0)),0) -> 0 | J101: =IFERROR(INDEX('Proposed Data'!V$2:V$100,MATCH(Proposed!$C94,'Proposed Data'!$A$2:$A$100,0)),0) -> 0 | ... AA101: =IFERROR(INDEX('Proposed Data'!AM$2:AM$100,MATCH(Proposed!$C94,'Proposed Data'!$A$2:$A$100,0)),0) -> 0
B102: Manual Input
B103: Value Used | C103: =IF(ISBLANK(C102),C101,C102) -> 0 | D103: =IF(ISBLANK(D102),D101,D102) -> 0 | E103: =IF(ISBLANK(E102),E101,E102) -> 0 | F103: =IF(ISBLANK(F102),F101,F102) -> 0 | G103: =IF(ISBLANK(G102),G101,G102) -> 0 | H103: =IF(ISBLANK(H102),H101,H102) -> 0 | I103: =IF(ISBLANK(I102),I101,I102) -> 0 | J103: =IF(ISBLANK(J102),J101,J102) -> 0 | ... AA103: =IF(ISBLANK(AA102),AA101,AA102) -> 0
B105: Proposed Case 8
G107: Case Name | I107: Result File Path and Name | O107: Timestamp | R107: Peak Electrical Demand | U107: Renewable Energy Generation | Y107: Energy Results
B108: Select Case | F108: Imported Data | G108: =C108 -> 0 | I108: =IFERROR(INDEX('Proposed Data'!$B$2:$B$100,MATCH(Proposed!$C108,'Proposed Data'!$A$2:$A$100,0)),0) -> 0 | O108: =IFERROR(INDEX('Proposed Data'!$C$2:$C$100,MATCH(Proposed!$C108,'Proposed Data'!$A$2:$A$100,0)),0) -> 0 | R108: =IFERROR(INDEX('Proposed Data'!$BM$2:$BM$100,MATCH(Proposed!$C108,'Proposed Data'!$A$2:$A$100,0)),0)/1000 -> 0 | S108: kW | U108: PV | V108: Wind | W108: SolarHW | Y108: Total | Z108: =Calculations!BQ19 -> 0 | AA108: ='Project Info'!$I$5 -> kBtu
B109: Area | C109: =IFERROR(IF(ISBLANK('Project Info'!$D$7),(INDEX('Proposed Data'!BP$2:BP$100,MATCH(Proposed!$C108,'Proposed Data'!$A$2:$A$100,0))),'Project Info'!$D$7),0) -> 13652 | D109: =IF($I$11="SI","m²","ft²") -> ft² | F109: Manual Input | S109: kW | Z109: =IFERROR(Z108/C109,0) -> 0 | AA109: =IF('Project Info'!$I$4=Menus!$A$2,"kWh/m²","kBtu/ft²") -> kBtu/ft²
F110: Value Used | G110: =IF(ISBLANK(G109),G108,G109) -> 0 | I110: =IF(ISBLANK(I109),I108,I109) -> 0 | O110: =IF(ISBLANK(O109),O108,O109) -> 0 | R110: =IF(ISBLANK(R109),R108,R109) -> 0 | S110: kW | U110: kWh | V110: kWh | W110: kWh
B112: End Use | C112: Heating | G112: Cooling | I112: Lighting | J112: Exterior Lighting | K112: Equipment | N112: Exterior Equipment | O112: Fans | P112: Pumps | Q112: Heat Rejection | R112: Humidification | S112: Heat Recovery | T112: Water Systems | X112: Refrigeration | Y112: Generators | Z112: ='Project Info'!$I$10 -> 0 | AA112: ='Project Info'!$J$10 -> 0
B113: Fuel Source | C113: Electricity | D113: Gas | E113: Additional Fuel | F113: District Heating | G113: Electricity | H113: District Cooling | I113: Electricity | J113: Electricity | K113: Electricity | L113: Gas | M113: Additional Fuel | N113: Electricity | O113: Electricity | P113: Electricity | Q113: Electricity | R113: Electricity | S113: Electricity | T113: Electricity | U113: Gas | V113: Additional Fuel | W113: District Heating | X113: Electricity | Y113: Electricity | Z113: Electricity | AA113: Electricity
B114: Input Units | C114: ='Project Info'!$I$5 -> kBtu | D114: ='Project Info'!$I$5 -> kBtu | E114: ='Project Info'!$I$5 -> kBtu | F114: ='Project Info'!$I$5 -> kBtu | G114: ='Project Info'!$I$5 -> kBtu | H114: ='Project Info'!$I$5 -> kBtu | I114: ='Project Info'!$I$5 -> kBtu | J114: ='Project Info'!$I$5 -> kBtu | ... AA114: ='Project Info'!$I$5 -> kBtu
B115: Imported Data | C115: =IFERROR(INDEX('Proposed Data'!O$2:O$100,MATCH(Proposed!$C108,'Proposed Data'!$A$2:$A$100,0)),0) -> 0 | D115: =IFERROR(INDEX('Proposed Data'!P$2:P$100,MATCH(Proposed!$C108,'Proposed Data'!$A$2:$A$100,0)),0) -> 0 | E115: =IFERROR(INDEX('Proposed Data'!Q$2:Q$100,MATCH(Proposed!$C108,'Proposed Data'!$A$2:$A$100,0)),0) -> 0 | F115: =IFERROR(INDEX('Proposed Data'!R$2:R$100,MATCH(Proposed!$C108,'Proposed Data'!$A$2:$A$100,0)),0) -> 0 | G115: =IFERROR(INDEX('Proposed Data'!S$2:S$100,MATCH(Proposed!$C108,'Proposed Data'!$A$2:$A$100,0)),0) -> 0 | H115: =IFERROR(INDEX('Proposed Data'!T$2:T$100,MATCH(Proposed!$C108,'Proposed Data'!$A$2:$A$100,0)),0) -> 0 | I115: =IFERROR(INDEX('Proposed Data'!U$2:U$100,MATCH(Proposed!$C108,'Proposed Data'!$A$2:$A$100,0)),0) -> 0 | J115: =IFERROR(INDEX('Proposed Data'!V$2:V$100,MATCH(Proposed!$C108,'Proposed Data'!$A$2:$A$100,0)),0) -> 0 | ... AA115: =IFERROR(INDEX('Proposed Data'!AM$2:AM$100,MATCH(Proposed!$C108,'Proposed Data'!$A$2:$A$100,0)),0) -> 0
B116: Manual Input
B117: Value Used | C117: =IF(ISBLANK(C116),C115,C116) -> 0 | D117: =IF(ISBLANK(D116),D115,D116) -> 0 | E117: =IF(ISBLANK(E116),E115,E116) -> 0 | F117: =IF(ISBLANK(F116),F115,F116) -> 0 | G117: =IF(ISBLANK(G116),G115,G116) -> 0 | H117: =IF(ISBLANK(H116),H115,H116) -> 0 | I117: =IF(ISBLANK(I116),I115,I116) -> 0 | J117: =IF(ISBLANK(J116),J115,J116) -> 0 | ... AA117: =IF(ISBLANK(AA116),AA115,AA116) -> 0
B119: Proposed Case 9
G121: Case Name | I121: Result File Path and Name | O121: Timestamp | R121: Peak Electrical Demand | U121: Renewable Energy Generation | Y121: Energy Results
B122: Select Case | F122: Imported Data | G122: =C122 -> 0 | I122: =IFERROR(INDEX('Proposed Data'!$B$2:$B$100,MATCH(Proposed!$C122,'Proposed Data'!$A$2:$A$100,0)),0) -> 0 | O122: =IFERROR(INDEX('Proposed Data'!$C$2:$C$100,MATCH(Proposed!$C122,'Proposed Data'!$A$2:$A$100,0)),0) -> 0 | R122: =IFERROR(INDEX('Proposed Data'!$BM$2:$BM$100,MATCH(Proposed!$C122,'Proposed Data'!$A$2:$A$100,0)),0)/1000 -> 0 | S122: kW | U122: PV | V122: Wind | W122: SolarHW | Y122: Total | Z122: =Calculations!BQ20 -> 0 | AA122: ='Project Info'!$I$5 -> kBtu
B123: Area | C123: =IFERROR(IF(ISBLANK('Project Info'!$D$7),(INDEX('Proposed Data'!BP$2:BP$100,MATCH(Proposed!$C122,'Proposed Data'!$A$2:$A$100,0))),'Project Info'!$D$7),0) -> 13652 | D123: =IF($I$11="SI","m²","ft²") -> ft² | F123: Manual Input | S123: kW | Z123: =IFERROR(Z122/C123,0) -> 0 | AA123: =IF('Project Info'!$I$4=Menus!$A$2,"kWh/m²","kBtu/ft²") -> kBtu/ft²
F124: Value Used | G124: =IF(ISBLANK(G123),G122,G123) -> 0 | I124: =IF(ISBLANK(I123),I122,I123) -> 0 | O124: =IF(ISBLANK(O123),O122,O123) -> 0 | R124: =IF(ISBLANK(R123),R122,R123) -> 0 | S124: kW | U124: kWh | V124: kWh | W124: kWh
B126: End Use | C126: Heating | G126: Cooling | I126: Lighting | J126: Exterior Lighting | K126: Equipment | N126: Exterior Equipment | O126: Fans | P126: Pumps | Q126: Heat Rejection | R126: Humidification | S126: Heat Recovery | T126: Water Systems | X126: Refrigeration | Y126: Generators | Z126: ='Project Info'!$I$10 -> 0 | AA126: ='Project Info'!$J$10 -> 0
B127: Fuel Source | C127: Electricity | D127: Gas | E127: Additional Fuel | F127: District Heating | G127: Electricity | H127: District Cooling | I127: Electricity | J127: Electricity | K127: Electricity | L127: Gas | M127: Additional Fuel | N127: Electricity | O127: Electricity | P127: Electricity | Q127: Electricity | R127: Electricity | S127: Electricity | T127: Electricity | U127: Gas | V127: Additional Fuel | W127: District Heating | X127: Electricity | Y127: Electricity | Z127: Electricity | AA127: Electricity
B128: Input Units | C128: ='Project Info'!$I$5 -> kBtu | D128: ='Project Info'!$I$5 -> kBtu | E128: ='Project Info'!$I$5 -> kBtu | F128: ='Project Info'!$I$5 -> kBtu | G128: ='Project Info'!$I$5 -> kBtu | H128: ='Project Info'!$I$5 -> kBtu | I128: ='Project Info'!$I$5 -> kBtu | J128: ='Project Info'!$I$5 -> kBtu | ... AA128: ='Project Info'!$I$5 -> kBtu
B129: Imported Data | C129: =IFERROR(INDEX('Proposed Data'!O$2:O$100,MATCH(Proposed!$C122,'Proposed Data'!$A$2:$A$100,0)),0) -> 0 | D129: =IFERROR(INDEX('Proposed Data'!P$2:P$100,MATCH(Proposed!$C122,'Proposed Data'!$A$2:$A$100,0)),0) -> 0 | E129: =IFERROR(INDEX('Proposed Data'!Q$2:Q$100,MATCH(Proposed!$C122,'Proposed Data'!$A$2:$A$100,0)),0) -> 0 | F129: =IFERROR(INDEX('Proposed Data'!R$2:R$100,MATCH(Proposed!$C122,'Proposed Data'!$A$2:$A$100,0)),0) -> 0 | G129: =IFERROR(INDEX('Proposed Data'!S$2:S$100,MATCH(Proposed!$C122,'Proposed Data'!$A$2:$A$100,0)),0) -> 0 | H129: =IFERROR(INDEX('Proposed Data'!T$2:T$100,MATCH(Proposed!$C122,'Proposed Data'!$A$2:$A$100,0)),0) -> 0 | I129: =IFERROR(INDEX('Proposed Data'!U$2:U$100,MATCH(Proposed!$C122,'Proposed Data'!$A$2:$A$100,0)),0) -> 0 | J129: =IFERROR(INDEX('Proposed Data'!V$2:V$100,MATCH(Proposed!$C122,'Proposed Data'!$A$2:$A$100,0)),0) -> 0 | ... AA129: =IFERROR(INDEX('Proposed Data'!AM$2:AM$100,MATCH(Proposed!$C122,'Proposed Data'!$A$2:$A$100,0)),0) -> 0
...

Sheet SiteE
A1: =Menus!C24 -> Energy Use
D2: Baseline (LEED or Code) | S2: =IF(S6=Calculations!A10,Menus!$I$7,Menus!$I$6) -> LEED | U2: =IF(AND(S2=Menus!I7,'Project Info'!D16="No"),"No","Yes") -> Yes
B3: Select Cases for Comparison | D3: Proposed Design | S3: =COUNTA(D3:O3) -> 1 | U3: =Calculations!AC4 -> Heating | V3: =Calculations!AD4 -> Cooling | W3: =Calculations!AE4 -> Lighting | X3: =Calculations!AF4 -> Exterior Lighting | Y3: =Calculations!AG4 -> Equipment | Z3: =Calculations!AH4 -> Exterior Equipment | AA3: =Calculations!AI4 -> Fans | AB3: =Calculations!AJ4 -> Pumps | ... AH3: =Calculations!AP4 -> Generators | AI3: =IF(ISBLANK('Project Info'!I10)," ",'Project Info'!I10) | AJ3: =IF(ISBLANK('Project Info'!J10)," ",'Project Info'!J10) | AK3: Uncertainty | AL3: PV | AM3: Wind | AN3: SHW | AO3: Total | AQ3: Savings Target
U4: =IF(AND($S$2=Menus!$I$7,'Project Info'!$D$16="No"),Calculations!AC$6,"No") -> No | V4: =IF(AND($S$2=Menus!$I$7,'Project Info'!$D$16="No"),Calculations!AD$6,"No") -> No | W4: =IF(AND($S$2=Menus!$I$7,'Project Info'!$D$16="No"),Calculations!AE$6,"No") -> No | X4: =IF(AND($S$2=Menus!$I$7,'Project Info'!$D$16="No"),Calculations!AF$6,"No") -> No | Y4: =IF(AND($S$2=Menus!$I$7,'Project Info'!$D$16="No"),Calculations!AG$6,"No") -> No | Z4: =IF(AND($S$2=Menus!$I$7,'Project Info'!$D$16="No"),Calculations!AH$6,"No") -> No | AA4: =IF(AND($S$2=Menus!$I$7,'Project Info'!$D$16="No"),Calculations!AI$6,"No") -> No | AB4: =IF(AND($S$2=Menus!$I$7,'Project Info'!$D$16="No"),Calculations!AJ$6,"No") -> No | ... AJ4: =IF(AND($S$2=Menus!$I$7,'Project Info'!$D$16="No"),Calculations!AR$6,"No") -> No | AW4: Electricity | AX4: Gas | AY4: Additional Fuel | AZ4: District Cooling | BA4: District Heating
B5: =_xlfn.CONCAT(A1," Summary") -> Energy Use Summary | D5: =IF(ISBLANK(D3)," ",D3) -> Proposed Design | E5: =IF(ISBLANK(E3)," ",E3) | F5: =IF(ISBLANK(F3)," ",F3) | G5: =IF(ISBLANK(G3)," ",G3) | H5: =IF(ISBLANK(H3)," ",H3) | I5: =IF(ISBLANK(I3)," ",I3) | J5: =IF(ISBLANK(J3)," ",J3) | K5: =IF(ISBLANK(K3)," ",K3) | ... O5: =IF(ISBLANK(O3)," ",O3) | S5: =Calculations!A8 -> Energy Use (kBtu)
B6: Electricity | C6: ='Project Info'!$I$6 -> kBtu | D6: =IFERROR(INDEX(Calculations!$BL$9:$BQ$21,MATCH(D$5,Calculations!$A$9:$A$21,0),MATCH($B6,Calculations!$BL$5:$BQ$5,0)),0) -> 689470.52 | E6: =IFERROR(INDEX(Calculations!$BL$9:$BQ$21,MATCH(E$5,Calculations!$A$9:$A$21,0),MATCH($B6,Calculations!$BL$5:$BQ$5,0)),0) -> 0 | F6: =IFERROR(INDEX(Calculations!$BL$9:$BQ$21,MATCH(F$5,Calculations!$A$9:$A$21,0),MATCH($B6,Calculations!$BL$5:$BQ$5,0)),0) -> 0 | G6: =IFERROR(INDEX(Calculations!$BL$9:$BQ$21,MATCH(G$5,Calculations!$A$9:$A$21,0),MATCH($B6,Calculations!$BL$5:$BQ$5,0)),0) -> 0 | H6: =IFERROR(INDEX(Calculations!$BL$9:$BQ$21,MATCH(H$5,Calculations!$A$9:$A$21,0),MATCH($B6,Calculations!$BL$5:$BQ$5,0)),0) -> 0 | I6: =IFERROR(INDEX(Calculations!$BL$9:$BQ$21,MATCH(I$5,Calculations!$A$9:$A$21,0),MATCH($B6,Calculations!$BL$5:$BQ$5,0)),0) -> 0 | J6: =IFERROR(INDEX(Calculations!$BL$9:$BQ$21,MATCH(J$5,Calculations!$A$9:$A$21,0),MATCH($B6,Calculations!$BL$5:$BQ$5,0)),0) -> 0 | K6: =IFERROR(INDEX(Calculations!$BL$9:$BQ$21,MATCH(K$5,Calculations!$A$9:$A$21,0),MATCH($B6,Calculations!$BL$5:$BQ$5,0)),0) -> 0 | ... O6: =IFERROR(INDEX(Calculations!$BL$9:$BQ$21,MATCH(O$5,Calculations!$A$9:$A$21,0),MATCH($B6,Calculations!$BL$5:$BQ$5,0)),0) -> 0 | S6: =IF($D$3=0," ",$D$3) -> Proposed Design | U6: =IFERROR(IF(U$4="Yes",0,INDEX(Calculations!AC$9:AC$21,MATCH(SiteE!$S6,Calculations!$A$9:$A$21,0))),0) -> 38337.232 | V6: =IFERROR(IF(V$4="Yes",0,INDEX(Calculations!AD$9:AD$21,MATCH(SiteE!$S6,Calculations!$A$9:$A$21,0))),0) -> 142882.62 | W6: =IFERROR(IF(W$4="Yes",0,INDEX(Calculations!AE$9:AE$21,MATCH(SiteE!$S6,Calculations!$A$9:$A$21,0))),0) -> 153372.81 | X6: =IFERROR(IF(X$4="Yes",0,INDEX(Calculations!AF$9:AF$21,MATCH(SiteE!$S6,Calculations!$A$9:$A$21,0))),0) -> 0 | Y6: =IFERROR(IF(Y$4="Yes",0,INDEX(Calculations!AG$9:AG$21,MATCH(SiteE!$S6,Calculations!$A$9:$A$21,0))),0) -> 180081.95 | Z6: =IFERROR(IF(Z$4="Yes",0,INDEX(Calculations!AH$9:AH$21,MATCH(SiteE!$S6,Calculations!$A$9:$A$21,0))),0) -> 0 | AA6: =IFERROR(IF(AA$4="Yes",0,INDEX(Calculations!AI$9:AI$21,MATCH(SiteE!$S6,Calculations!$A$9:$A$21,0))),0) -> 174795.91 | AB6: =IFERROR(IF(AB$4="Yes",0,INDEX(Calculations!AJ$9:AJ$21,MATCH(SiteE!$S6,Calculations!$A$9:$A$21,0))),0) -> 0 | ... AJ6: =IFERROR(IF(AJ$4="Yes",0,INDEX(Calculations!AR$9:AR$21,MATCH(SiteE!$S6,Calculations!$A$9:$A$21,0))),0) -> 0 | AK6: =IFERROR(SUM(U6:AI6)*'Project Info'!$D$28,0) -> 0 | AL6: =IFERROR(INDEX(Calculations!BC$9:BC$21,MATCH(SiteE!$S6,Calculations!$A$9:$A$21,0))*-1,0) -> 0 | AM6: =IFERROR(INDEX(Calculations!BD$9:BD$21,MATCH(SiteE!$S6,Calculations!$A$9:$A$21,0))*-1,0) -> 0 | AN6: =IFERROR(SUM(OFFSET(Calculations!BE$9,MATCH($S6,Calculations!$A$9:$A$21,0)-1,0,1,4))*-1,0) -> 0 | AO6: =SUM(U6:AN6) -> 689470.52 | AQ6: ='Project Info'!D20 -> NA | AS6: =CONCATENATE(AQ6*100,"% LEED Target") -> #VALUE! | AT6: =Calculations!BQ9*(1-AQ6) -> #VALUE! | AU6: =AT6 -> #VALUE! | AW6: =IFERROR(INDEX(Calculations!BL$9:BL$21,MATCH($S6,Calculations!$A$9:$A$21,0)),0) -> 689470.52 | AX6: =IFERROR(INDEX(Calculations!BM$9:BM$21,MATCH($S6,Calculations!$A$9:$A$21,0)),0) -> 0 | AY6: =IFERROR(INDEX(Calculations!BN$9:BN$21,MATCH($S6,Calculations!$A$9:$A$21,0)),0) -> 0 | AZ6: =IFERROR(INDEX(Calculations!BO$9:BO$21,MATCH($S6,Calculations!$A$9:$A$21,0)),0) -> 0 | BA6: =IFERROR(INDEX(Calculations!BP$9:BP$21,MATCH($S6,Calculations!$A$9:$A$21,0)),0) -> 0
B7: Gas | C7: ='Project Info'!$I$6 -> kBtu | D7: =IFERROR(INDEX(Calculations!$BL$9:$BQ$21,MATCH(D$5,Calculations!$A$9:$A$21,0),MATCH($B7,Calculations!$BL$5:$BQ$5,0)),0) -> 0 | E7: =IFERROR(INDEX(Calculations!$BL$9:$BQ$21,MATCH(E$5,Calculations!$A$9:$A$21,0),MATCH($B7,Calculations!$BL$5:$BQ$5,0)),0) -> 0 | F7: =IFERROR(INDEX(Calculations!$BL$9:$BQ$21,MATCH(F$5,Calculations!$A$9:$A$21,0),MATCH($B7,Calculations!$BL$5:$BQ$5,0)),0) -> 0 | G7: =IFERROR(INDEX(Calculations!$BL$9:$BQ$21,MATCH(G$5,Calculations!$A$9:$A$21,0),MATCH($B7,Calculations!$BL$5:$BQ$5,0)),0) -> 0 | H7: =IFERROR(INDEX(Calculations!$BL$9:$BQ$21,MATCH(H$5,Calculations!$A$9:$A$21,0),MATCH($B7,Calculations!$BL$5:$BQ$5,0)),0) -> 0 | I7: =IFERROR(INDEX(Calculations!$BL$9:$BQ$21,MATCH(I$5,Calculations!$A$9:$A$21,0),MATCH($B7,Calculations!$BL$5:$BQ$5,0)),0) -> 0 | J7: =IFERROR(INDEX(Calculations!$BL$9:$BQ$21,MATCH(J$5,Calculations!$A$9:$A$21,0),MATCH($B7,Calculations!$BL$5:$BQ$5,0)),0) -> 0 | K7: =IFERROR(INDEX(Calculations!$BL$9:$BQ$21,MATCH(K$5,Calculations!$A$9:$A$21,0),MATCH($B7,Calculations!$BL$5:$BQ$5,0)),0) -> 0 | ... O7: =IFERROR(INDEX(Calculations!$BL$9:$BQ$21,MATCH(O$5,Calculations!$A$9:$A$21,0),MATCH($B7,Calculations!$BL$5:$BQ$5,0)),0) -> 0 | S7: =IF($E$3=0," ",$E$3) | U7: =IFERROR(IF(U$4="Yes",0,INDEX(Calculations!AC$9:AC$21,MATCH(SiteE!$S7,Calculations!$A$9:$A$21,0))),0) -> 0 | V7: =IFERROR(IF(V$4="Yes",0,INDEX(Calculations!AD$9:AD$21,MATCH(SiteE!$S7,Calculations!$A$9:$A$21,0))),0) -> 0 | W7: =IFERROR(IF(W$4="Yes",0,INDEX(Calculations!AE$9:AE$21,MATCH(SiteE!$S7,Calculations!$A$9:$A$21,0))),0) -> 0 | X7: =IFERROR(IF(X$4="Yes",0,INDEX(Calculations!AF$9:AF$21,MATCH(SiteE!$S7,Calculations!$A$9:$A$21,0))),0) -> 0 | Y7: =IFERROR(IF(Y$4="Yes",0,INDEX(Calculations!AG$9:AG$21,MATCH(SiteE!$S7,Calculations!$A$9:$A$21,0))),0) -> 0 | Z7: =IFERROR(IF(Z$4="Yes",0,INDEX(Calculations!AH$9:AH$21,MATCH(SiteE!$S7,Calculations!$A$9:$A$21,0))),0) -> 0 | AA7: =IFERROR(IF(AA$4="Yes",0,INDEX(Calculations!AI$9:AI$21,MATCH(SiteE!$S7,Calculations!$A$9:$A$21,0))),0) -> 0 | AB7: =IFERROR(IF(AB$4="Yes",0,INDEX(Calculations!AJ$9:AJ$21,MATCH(SiteE!$S7,Calculations!$A$9:$A$21,0))),0) -> 0 | ... AJ7: =IFERROR(IF(AJ$4="Yes",0,INDEX(Calculations!AR$9:AR$21,MATCH(SiteE!$S7,Calculations!$A$9:$A$21,0))),0) -> 0 | AK7: =IFERROR(SUM(U7:AI7)*'Project Info'!$D$28,0) -> 0 | AL7: =IFERROR(INDEX(Calculations!BC$9:BC$21,MATCH(SiteE!$S7,Calculations!$A$9:$A$21,0))*-1,0) -> 0 | AM7: =IFERROR(INDEX(Calculations!BD$9:BD$21,MATCH(SiteE!$S7,Calculations!$A$9:$A$21,0))*-1,0) -> 0 | AN7: =IFERROR(SUM(OFFSET(Calculations!BE$9,MATCH($S7,Calculations!$A$9:$A$21,0)-1,0,1,4))*-1,0) -> 0 | AO7: =SUM(U7:AN7) -> 0 | AQ7: ='Project Info'!E20 -> NA | AS7: =CONCATENATE(AQ7*100,"% Code Target") -> #VALUE! | AT7: =Calculations!BQ10*(1-AQ7) -> #VALUE! | AU7: =AT7 -> #VALUE! | AW7: =IFERROR(INDEX(Calculations!BL$9:BL$21,MATCH($S7,Calculations!$A$9:$A$21,0)),0) -> 0 | AX7: =IFERROR(INDEX(Calculations!BM$9:BM$21,MATCH($S7,Calculations!$A$9:$A$21,0)),0) -> 0 | AY7: =IFERROR(INDEX(Calculations!BN$9:BN$21,MATCH($S7,Calculations!$A$9:$A$21,0)),0) -> 0 | AZ7: =IFERROR(INDEX(Calculations!BO$9:BO$21,MATCH($S7,Calculations!$A$9:$A$21,0)),0) -> 0 | BA7: =IFERROR(INDEX(Calculations!BP$9:BP$21,MATCH($S7,Calculations!$A$9:$A$21,0)),0) -> 0
B8: Additional Fuel | C8: ='Project Info'!$I$6 -> kBtu | D8: =IFERROR(INDEX(Calculations!$BL$9:$BQ$21,MATCH(D$5,Calculations!$A$9:$A$21,0),MATCH($B8,Calculations!$BL$5:$BQ$5,0)),0) -> 0 | E8: =IFERROR(INDEX(Calculations!$BL$9:$BQ$21,MATCH(E$5,Calculations!$A$9:$A$21,0),MATCH($B8,Calculations!$BL$5:$BQ$5,0)),0) -> 0 | F8: =IFERROR(INDEX(Calculations!$BL$9:$BQ$21,MATCH(F$5,Calculations!$A$9:$A$21,0),MATCH($B8,Calculations!$BL$5:$BQ$5,0)),0) -> 0 | G8: =IFERROR(INDEX(Calculations!$BL$9:$BQ$21,MATCH(G$5,Calculations!$A$9:$A$21,0),MATCH($B8,Calculations!$BL$5:$BQ$5,0)),0) -> 0 | H8: =IFERROR(INDEX(Calculations!$BL$9:$BQ$21,MATCH(H$5,Calculations!$A$9:$A$21,0),MATCH($B8,Calculations!$BL$5:$BQ$5,0)),0) -> 0 | I8: =IFERROR(INDEX(Calculations!$BL$9:$BQ$21,MATCH(I$5,Calculations!$A$9:$A$21,0),MATCH($B8,Calculations!$BL$5:$BQ$5,0)),0) -> 0 | J8: =IFERROR(INDEX(Calculations!$BL$9:$BQ$21,MATCH(J$5,Calculations!$A$9:$A$21,0),MATCH($B8,Calculations!$BL$5:$BQ$5,0)),0) -> 0 | K8: =IFERROR(INDEX(Calculations!$BL$9:$BQ$21,MATCH(K$5,Calculations!$A$9:$A$21,0),MATCH($B8,Calculations!$BL$5:$BQ$5,0)),0) -> 0 | ... O8: =IFERROR(INDEX(Calculations!$BL$9:$BQ$21,MATCH(O$5,Calculations!$A$9:$A$21,0),MATCH($B8,Calculations!$BL$5:$BQ$5,0)),0) -> 0 | S8: =IF($F$3=0," ",$F$3) | U8: =IFERROR(IF(U$4="Yes",0,INDEX(Calculations!AC$9:AC$21,MATCH(SiteE!$S8,Calculations!$A$9:$A$21,0))),0) -> 0 | V8: =IFERROR(IF(V$4="Yes",0,INDEX(Calculations!AD$9:AD$21,MATCH(SiteE!$S8,Calculations!$A$9:$A$21,0))),0) -> 0 | W8: =IFERROR(IF(W$4="Yes",0,INDEX(Calculations!AE$9:AE$21,MATCH(SiteE!$S8,Calculations!$A$9:$A$21,0))),0) -> 0 | X8: =IFERROR(IF(X$4="Yes",0,INDEX(Calculations!AF$9:AF$21,MATCH(SiteE!$S8,Calculations!$A$9:$A$21,0))),0) -> 0 | Y8: =IFERROR(IF(Y$4="Yes",0,INDEX(Calculations!AG$9:AG$21,MATCH(SiteE!$S8,Calculations!$A$9:$A$21,0))),0) -> 0 | Z8: =IFERROR(IF(Z$4="Yes",0,INDEX(Calculations!AH$9:AH$21,MATCH(SiteE!$S8,Calculations!$A$9:$A$21,0))),0) -> 0 | AA8: =IFERROR(IF(AA$4="Yes",0,INDEX(Calculations!AI$9:AI$21,MATCH(SiteE!$S8,Calculations!$A$9:$A$21,0))),0) -> 0 | AB8: =IFERROR(IF(AB$4="Yes",0,INDEX(Calculations!AJ$9:AJ$21,MATCH(SiteE!$S8,Calculations!$A$9:$A$21,0))),0) -> 0 | ... AJ8: =IFERROR(IF(AJ$4="Yes",0,INDEX(Calculations!AR$9:AR$21,MATCH(SiteE!$S8,Calculations!$A$9:$A$21,0))),0) -> 0 | AK8: =IFERROR(SUM(U8:AI8)*'Project Info'!$D$28,0) -> 0 | AL8: =IFERROR(INDEX(Calculations!BC$9:BC$21,MATCH(SiteE!$S8,Calculations!$A$9:$A$21,0))*-1,0) -> 0 | AM8: =IFERROR(INDEX(Calculations!BD$9:BD$21,MATCH(SiteE!$S8,Calculations!$A$9:$A$21,0))*-1,0) -> 0 | AN8: =IFERROR(SUM(OFFSET(Calculations!BE$9,MATCH($S8,Calculations!$A$9:$A$21,0)-1,0,1,4))*-1,0) -> 0 | AO8: =SUM(U8:AN8) -> 0 | AW8: =IFERROR(INDEX(Calculations!BL$9:BL$21,MATCH($S8,Calculations!$A$9:$A$21,0)),0) -> 0 | AX8: =IFERROR(INDEX(Calculations!BM$9:BM$21,MATCH($S8,Calculations!$A$9:$A$21,0)),0) -> 0 | AY8: =IFERROR(INDEX(Calculations!BN$9:BN$21,MATCH($S8,Calculations!$A$9:$A$21,0)),0) -> 0 | AZ8: =IFERROR(INDEX(Calculations!BO$9:BO$21,MATCH($S8,Calculations!$A$9:$A$21,0)),0) -> 0 | BA8: =IFERROR(INDEX(Calculations!BP$9:BP$21,MATCH($S8,Calculations!$A$9:$A$21,0)),0) -> 0
B9: District Cooling | C9: ='Project Info'!$I$6 -> kBtu | D9: =IFERROR(INDEX(Calculations!$BL$9:$BQ$21,MATCH(D$5,Calculations!$A$9:$A$21,0),MATCH($B9,Calculations!$BL$5:$BQ$5,0)),0) -> 0 | E9: =IFERROR(INDEX(Calculations!$BL$9:$BQ$21,MATCH(E$5,Calculations!$A$9:$A$21,0),MATCH($B9,Calculations!$BL$5:$BQ$5,0)),0) -> 0 | F9: =IFERROR(INDEX(Calculations!$BL$9:$BQ$21,MATCH(F$5,Calculations!$A$9:$A$21,0),MATCH($B9,Calculations!$BL$5:$BQ$5,0)),0) -> 0 | G9: =IFERROR(INDEX(Calculations!$BL$9:$BQ$21,MATCH(G$5,Calculations!$A$9:$A$21,0),MATCH($B9,Calculations!$BL$5:$BQ$5,0)),0) -> 0 | H9: =IFERROR(INDEX(Calculations!$BL$9:$BQ$21,MATCH(H$5,Calculations!$A$9:$A$21,0),MATCH($B9,Calculations!$BL$5:$BQ$5,0)),0) -> 0 | I9: =IFERROR(INDEX(Calculations!$BL$9:$BQ$21,MATCH(I$5,Calculations!$A$9:$A$21,0),MATCH($B9,Calculations!$BL$5:$BQ$5,0)),0) -> 0 | J9: =IFERROR(INDEX(Calculations!$BL$9:$BQ$21,MATCH(J$5,Calculations!$A$9:$A$21,0),MATCH($B9,Calculations!$BL$5:$BQ$5,0)),0) -> 0 | K9: =IFERROR(INDEX(Calculations!$BL$9:$BQ$21,MATCH(K$5,Calculations!$A$9:$A$21,0),MATCH($B9,Calculations!$BL$5:$BQ$5,0)),0) -> 0 | ... O9: =IFERROR(INDEX(Calculations!$BL$9:$BQ$21,MATCH(O$5,Calculations!$A$9:$A$21,0),MATCH($B9,Calculations!$BL$5:$BQ$5,0)),0) -> 0 | S9: =IF($G$3=0," ",$G$3) | U9: =IFERROR(IF(U$4="Yes",0,INDEX(Calculations!AC$9:AC$21,MATCH(SiteE!$S9,Calculations!$A$9:$A$21,0))),0) -> 0 | V9: =IFERROR(IF(V$4="Yes",0,INDEX(Calculations!AD$9:AD$21,MATCH(SiteE!$S9,Calculations!$A$9:$A$21,0))),0) -> 0 | W9: =IFERROR(IF(W$4="Yes",0,INDEX(Calculations!AE$9:AE$21,MATCH(SiteE!$S9,Calculations!$A$9:$A$21,0))),0) -> 0 | X9: =IFERROR(IF(X$4="Yes",0,INDEX(Calculations!AF$9:AF$21,MATCH(SiteE!$S9,Calculations!$A$9:$A$21,0))),0) -> 0 | Y9: =IFERROR(IF(Y$4="Yes",0,INDEX(Calculations!AG$9:AG$21,MATCH(SiteE!$S9,Calculations!$A$9:$A$21,0))),0) -> 0 | Z9: =IFERROR(IF(Z$4="Yes",0,INDEX(Calculations!AH$9:AH$21,MATCH(SiteE!$S9,Calculations!$A$9:$A$21,0))),0) -> 0 | AA9: =IFERROR(IF(AA$4="Yes",0,INDEX(Calculations!AI$9:AI$21,MATCH(SiteE!$S9,Calculations!$A$9:$A$21,0))),0) -> 0 | AB9: =IFERROR(IF(AB$4="Yes",0,INDEX(Calculations!AJ$9:AJ$21,MATCH(SiteE!$S9,Calculations!$A$9:$A$21,0))),0) -> 0 | ... AJ9: =IFERROR(IF(AJ$4="Yes",0,INDEX(Calculations!AR$9:AR$21,MATCH(SiteE!$S9,Calculations!$A$9:$A$21,0))),0) -> 0 | AK9: =IFERROR(SUM(U9:AI9)*'Project Info'!$D$28,0) -> 0 | AL9: =IFERROR(INDEX(Calculations!BC$9:BC$21,MATCH(SiteE!$S9,Calculations!$A$9:$A$21,0))*-1,0) -> 0 | AM9: =IFERROR(INDEX(Calculations!BD$9:BD$21,MATCH(SiteE!$S9,Calculations!$A$9:$A$21,0))*-1,0) -> 0 | AN9: =IFERROR(SUM(OFFSET(Calculations!BE$9,MATCH($S9,Calculations!$A$9:$A$21,0)-1,0,1,4))*-1,0) -> 0 | AO9: =SUM(U9:AN9) -> 0 | AW9: =IFERROR(INDEX(Calculations!BL$9:BL$21,MATCH($S9,Calculations!$A$9:$A$21,0)),0) -> 0 | AX9: =IFERROR(INDEX(Calculations!BM$9:BM$21,MATCH($S9,Calculations!$A$9:$A$21,0)),0) -> 0 | AY9: =IFERROR(INDEX(Calculations!BN$9:BN$21,MATCH($S9,Calculations!$A$9:$A$21,0)),0) -> 0 | AZ9: =IFERROR(INDEX(Calculations!BO$9:BO$21,MATCH($S9,Calculations!$A$9:$A$21,0)),0) -> 0 | BA9: =IFERROR(INDEX(Calculations!BP$9:BP$21,MATCH($S9,Calculations!$A$9:$A$21,0)),0) -> 0
B10: District Heating | C10: ='Project Info'!$I$6 -> kBtu | D10: =IFERROR(INDEX(Calculations!$BL$9:$BQ$21,MATCH(D$5,Calculations!$A$9:$A$21,0),MATCH($B10,Calculations!$BL$5:$BQ$5,0)),0) -> 0 | E10: =IFERROR(INDEX(Calculations!$BL$9:$BQ$21,MATCH(E$5,Calculations!$A$9:$A$21,0),MATCH($B10,Calculations!$BL$5:$BQ$5,0)),0) -> 0 | F10: =IFERROR(INDEX(Calculations!$BL$9:$BQ$21,MATCH(F$5,Calculations!$A$9:$A$21,0),MATCH($B10,Calculations!$BL$5:$BQ$5,0)),0) -> 0 | G10: =IFERROR(INDEX(Calculations!$BL$9:$BQ$21,MATCH(G$5,Calculations!$A$9:$A$21,0),MATCH($B10,Calculations!$BL$5:$BQ$5,0)),0) -> 0 | H10: =IFERROR(INDEX(Calculations!$BL$9:$BQ$21,MATCH(H$5,Calculations!$A$9:$A$21,0),MATCH($B10,Calculations!$BL$5:$BQ$5,0)),0) -> 0 | I10: =IFERROR(INDEX(Calculations!$BL$9:$BQ$21,MATCH(I$5,Calculations!$A$9:$A$21,0),MATCH($B10,Calculations!$BL$5:$BQ$5,0)),0) -> 0 | J10: =IFERROR(INDEX(Calculations!$BL$9:$BQ$21,MATCH(J$5,Calculations!$A$9:$A$21,0),MATCH($B10,Calculations!$BL$5:$BQ$5,0)),0) -> 0 | K10: =IFERROR(INDEX(Calculations!$BL$9:$BQ$21,MATCH(K$5,Calculations!$A$9:$A$21,0),MATCH($B10,Calculations!$BL$5:$BQ$5,0)),0) -> 0 | ... O10: =IFERROR(INDEX(Calculations!$BL$9:$BQ$21,MATCH(O$5,Calculations!$A$9:$A$21,0),MATCH($B10,Calculations!$BL$5:$BQ$5,0)),0) -> 0 | S10: =IF($H$3=0," ",$H$3) | U10: =IFERROR(IF(U$4="Yes",0,INDEX(Calculations!AC$9:AC$21,MATCH(SiteE!$S10,Calculations!$A$9:$A$21,0))),0) -> 0 | V10: =IFERROR(IF(V$4="Yes",0,INDEX(Calculations!AD$9:AD$21,MATCH(SiteE!$S10,Calculations!$A$9:$A$21,0))),0) -> 0 | W10: =IFERROR(IF(W$4="Yes",0,INDEX(Calculations!AE$9:AE$21,MATCH(SiteE!$S10,Calculations!$A$9:$A$21,0))),0) -> 0 | X10: =IFERROR(IF(X$4="Yes",0,INDEX(Calculations!AF$9:AF$21,MATCH(SiteE!$S10,Calculations!$A$9:$A$21,0))),0) -> 0 | Y10: =IFERROR(IF(Y$4="Yes",0,INDEX(Calculations!AG$9:AG$21,MATCH(SiteE!$S10,Calculations!$A$9:$A$21,0))),0) -> 0 | Z10: =IFERROR(IF(Z$4="Yes",0,INDEX(Calculations!AH$9:AH$21,MATCH(SiteE!$S10,Calculations!$A$9:$A$21,0))),0) -> 0 | AA10: =IFERROR(IF(AA$4="Yes",0,INDEX(Calculations!AI$9:AI$21,MATCH(SiteE!$S10,Calculations!$A$9:$A$21,0))),0) -> 0 | AB10: =IFERROR(IF(AB$4="Yes",0,INDEX(Calculations!AJ$9:AJ$21,MATCH(SiteE!$S10,Calculations!$A$9:$A$21,0))),0) -> 0 | ... AJ10: =IFERROR(IF(AJ$4="Yes",0,INDEX(Calculations!AR$9:AR$21,MATCH(SiteE!$S10,Calculations!$A$9:$A$21,0))),0) -> 0 | AK10: =IFERROR(SUM(U10:AI10)*'Project Info'!$D$28,0) -> 0 | AL10: =IFERROR(INDEX(Calculations!BC$9:BC$21,MATCH(SiteE!$S10,Calculations!$A$9:$A$21,0))*-1,0) -> 0 | AM10: =IFERROR(INDEX(Calculations!BD$9:BD$21,MATCH(SiteE!$S10,Calculations!$A$9:$A$21,0))*-1,0) -> 0 | AN10: =IFERROR(SUM(OFFSET(Calculations!BE$9,MATCH($S10,Calculations!$A$9:$A$21,0)-1,0,1,4))*-1,0) -> 0 | AO10: =SUM(U10:AN10) -> 0 | AW10: =IFERROR(INDEX(Calculations!BL$9:BL$21,MATCH($S10,Calculations!$A$9:$A$21,0)),0) -> 0 | AX10: =IFERROR(INDEX(Calculations!BM$9:BM$21,MATCH($S10,Calculations!$A$9:$A$21,0)),0) -> 0 | AY10: =IFERROR(INDEX(Calculations!BN$9:BN$21,MATCH($S10,Calculations!$A$9:$A$21,0)),0) -> 0 | AZ10: =IFERROR(INDEX(Calculations!BO$9:BO$21,MATCH($S10,Calculations!$A$9:$A$21,0)),0) -> 0 | BA10: =IFERROR(INDEX(Calculations!BP$9:BP$21,MATCH($S10,Calculations!$A$9:$A$21,0)),0) -> 0
B11: Total | C11: ='Project Info'!$I$6 -> kBtu | D11: =SUM(D6:D10) -> 689470.52 | E11: =SUM(E6:E10) -> 0 | F11: =SUM(F6:F10) -> 0 | G11: =SUM(G6:G10) -> 0 | H11: =SUM(H6:H10) -> 0 | I11: =SUM(I6:I10) -> 0 | J11: =SUM(J6:J10) -> 0 | K11: =SUM(K6:K10) -> 0 | ... O11: =SUM(O6:O10) -> 0 | U11: =IFERROR(IF(U$4="Yes",0,INDEX(Calculations!AC$9:AC$21,MATCH(SiteE!$S12,Calculations!$A$9:$A$21,0))),0) -> 0 | V11: =IFERROR(IF(V$4="Yes",0,INDEX(Calculations!AD$9:AD$21,MATCH(SiteE!$S12,Calculations!$A$9:$A$21,0))),0) -> 0 | W11: =IFERROR(IF(W$4="Yes",0,INDEX(Calculations!AE$9:AE$21,MATCH(SiteE!$S12,Calculations!$A$9:$A$21,0))),0) -> 0 | X11: =IFERROR(IF(X$4="Yes",0,INDEX(Calculations!AF$9:AF$21,MATCH(SiteE!$S12,Calculations!$A$9:$A$21,0))),0) -> 0 | Y11: =IFERROR(IF(Y$4="Yes",0,INDEX(Calculations!AG$9:AG$21,MATCH(SiteE!$S12,Calculations!$A$9:$A$21,0))),0) -> 0 | Z11: =IFERROR(IF(Z$4="Yes",0,INDEX(Calculations!AH$9:AH$21,MATCH(SiteE!$S12,Calculations!$A$9:$A$21,0))),0) -> 0 | AA11: =IFERROR(IF(AA$4="Yes",0,INDEX(Calculations!AI$9:AI$21,MATCH(SiteE!$S12,Calculations!$A$9:$A$21,0))),0) -> 0 | AB11: =IFERROR(IF(AB$4="Yes",0,INDEX(Calculations!AJ$9:AJ$21,MATCH(SiteE!$S12,Calculations!$A$9:$A$21,0))),0) -> 0 | ... AJ11: =IFERROR(IF(AJ$4="Yes",0,INDEX(Calculations!AR$9:AR$21,MATCH(SiteE!$S12,Calculations!$A$9:$A$21,0))),0) -> 0 | AK11: =IFERROR(SUM(U11:AI11)*'Project Info'!$D$28,0) -> 0 | AL11: =IFERROR(INDEX(Calculations!BC$9:BC$21,MATCH(SiteE!$S12,Calculations!$A$9:$A$21,0))*-1,0) -> 0 | AM11: =IFERROR(INDEX(Calculations!BD$9:BD$21,MATCH(SiteE!$S12,Calculations!$A$9:$A$21,0))*-1,0) -> 0 | AN11: =IFERROR(SUM(OFFSET(Calculations!BE$9,MATCH($S12,Calculations!$A$9:$A$21,0)-1,0,1,4))*-1,0) -> 0 | AO11: =SUM(U11:AN11) -> 0 | AW11: =IFERROR(INDEX(Calculations!BL$9:BL$21,MATCH($S12,Calculations!$A$9:$A$21,0)),0) -> 0 | AX11: =IFERROR(INDEX(Calculations!BM$9:BM$21,MATCH($S12,Calculations!$A$9:$A$21,0)),0) -> 0 | AY11: =IFERROR(INDEX(Calculations!BN$9:BN$21,MATCH($S12,Calculations!$A$9:$A$21,0)),0) -> 0 | AZ11: =IFERROR(INDEX(Calculations!BO$9:BO$21,MATCH($S12,Calculations!$A$9:$A$21,0)),0) -> 0 | BA11: =IFERROR(INDEX(Calculations!BP$9:BP$21,MATCH($S12,Calculations!$A$9:$A$21,0)),0) -> 0
B12: =_xlfn.CONCAT(A1," Intensity") -> Energy Use Intensity | C12: =_xlfn.CONCAT('Project Info'!$I$6,"/",IF('Project Info'!$I$4="SI","m²","ft²")) -> kBtu/ft² | D12: =IFERROR(INDEX(Calculations!$BQ$24:$BQ$36,MATCH(D$5,Calculations!$A$9:$A$21,0)),0) -> 50.503261 | E12: =IFERROR(INDEX(Calculations!$BQ$24:$BQ$36,MATCH(E$5,Calculations!$A$9:$A$21,0)),0) -> 0 | F12: =IFERROR(INDEX(Calculations!$BQ$24:$BQ$36,MATCH(F$5,Calculations!$A$9:$A$21,0)),0) -> 0 | G12: =IFERROR(INDEX(Calculations!$BQ$24:$BQ$36,MATCH(G$5,Calculations!$A$9:$A$21,0)),0) -> 0 | H12: =IFERROR(INDEX(Calculations!$BQ$24:$BQ$36,MATCH(H$5,Calculations!$A$9:$A$21,0)),0) -> 0 | I12: =IFERROR(INDEX(Calculations!$BQ$24:$BQ$36,MATCH(I$5,Calculations!$A$9:$A$21,0)),0) -> 0 | J12: =IFERROR(INDEX(Calculations!$BQ$24:$BQ$36,MATCH(J$5,Calculations!$A$9:$A$21,0)),0) -> 0 | K12: =IFERROR(INDEX(Calculations!$BQ$24:$BQ$36,MATCH(K$5,Calculations!$A$9:$A$21,0)),0) -> 0 | ... O12: =IFERROR(INDEX(Calculations!$BQ$24:$BQ$36,MATCH(O$5,Calculations!$A$9:$A$21,0)),0) -> 0 | S12: =IF($I$3=0," ",$I$3) | U12: =IFERROR(IF(U$4="Yes",0,INDEX(Calculations!AC$9:AC$21,MATCH(SiteE!$S13,Calculations!$A$9:$A$21,0))),0) -> 0 | V12: =IFERROR(IF(V$4="Yes",0,INDEX(Calculations!AD$9:AD$21,MATCH(SiteE!$S13,Calculations!$A$9:$A$21,0))),0) -> 0 | W12: =IFERROR(IF(W$4="Yes",0,INDEX(Calculations!AE$9:AE$21,MATCH(SiteE!$S13,Calculations!$A$9:$A$21,0))),0) -> 0 | X12: =IFERROR(IF(X$4="Yes",0,INDEX(Calculations!AF$9:AF$21,MATCH(SiteE!$S13,Calculations!$A$9:$A$21,0))),0) -> 0 | Y12: =IFERROR(IF(Y$4="Yes",0,INDEX(Calculations!AG$9:AG$21,MATCH(SiteE!$S13,Calculations!$A$9:$A$21,0))),0) -> 0 | Z12: =IFERROR(IF(Z$4="Yes",0,INDEX(Calculations!AH$9:AH$21,MATCH(SiteE!$S13,Calculations!$A$9:$A$21,0))),0) -> 0 | AA12: =IFERROR(IF(AA$4="Yes",0,INDEX(Calculations!AI$9:AI$21,MATCH(SiteE!$S13,Calculations!$A$9:$A$21,0))),0) -> 0 | AB12: =IFERROR(IF(AB$4="Yes",0,INDEX(Calculations!AJ$9:AJ$21,MATCH(SiteE!$S13,Calculations!$A$9:$A$21,0))),0) -> 0 | ... AJ12: =IFERROR(IF(AJ$4="Yes",0,INDEX(Calculations!AR$9:AR$21,MATCH(SiteE!$S13,Calculations!$A$9:$A$21,0))),0) -> 0 | AK12: =IFERROR(SUM(U12:AI12)*'Project Info'!$D$28,0) -> 0 | AL12: =IFERROR(INDEX(Calculations!BC$9:BC$21,MATCH(SiteE!$S13,Calculations!$A$9:$A$21,0))*-1,0) -> 0 | AM12: =IFERROR(INDEX(Calculations!BD$9:BD$21,MATCH(SiteE!$S13,Calculations!$A$9:$A$21,0))*-1,0) -> 0 | AN12: =IFERROR(SUM(OFFSET(Calculations!BE$9,MATCH($S13,Calculations!$A$9:$A$21,0)-1,0,1,4))*-1,0) -> 0 | AO12: =SUM(U12:AN12) -> 0 | AW12: =IFERROR(INDEX(Calculations!BL$9:BL$21,MATCH($S13,Calculations!$A$9:$A$21,0)),0) -> 0 | AX12: =IFERROR(INDEX(Calculations!BM$9:BM$21,MATCH($S13,Calculations!$A$9:$A$21,0)),0) -> 0 | AY12: =IFERROR(INDEX(Calculations!BN$9:BN$21,MATCH($S13,Calculations!$A$9:$A$21,0)),0) -> 0 | AZ12: =IFERROR(INDEX(Calculations!BO$9:BO$21,MATCH($S13,Calculations!$A$9:$A$21,0)),0) -> 0 | BA12: =IFERROR(INDEX(Calculations!BP$9:BP$21,MATCH($S13,Calculations!$A$9:$A$21,0)),0) -> 0
B13: =_xlfn.CONCAT(A1," Savings") -> Energy Use Savings | C13: % | E13: =IFERROR(IF(E$5=" "," ",1-(E11/$D11)),"0%") | F13: =IFERROR(IF(F$5=" "," ",1-(F11/$D11)),"0%") | G13: =IFERROR(IF(G$5=" "," ",1-(G11/$D11)),"0%") | H13: =IFERROR(IF(H$5=" "," ",1-(H11/$D11)),"0%") | I13: =IFERROR(IF(I$5=" "," ",1-(I11/$D11)),"0%") | J13: =IFERROR(IF(J$5=" "," ",1-(J11/$D11)),"0%") | K13: =IFERROR(IF(K$5=" "," ",1-(K11/$D11)),"0%") | L13: =IFERROR(IF(L$5=" "," ",1-(L11/$D11)),"0%") | ... O13: =IFERROR(IF(O$5=" "," ",1-(O11/$D11)),"0%") | S13: =IF($J$3=0," ",$J$3) | U13: =IFERROR(IF(U$4="Yes",0,INDEX(Calculations!AC$9:AC$21,MATCH(SiteE!$S15,Calculations!$A$9:$A$21,0))),0) -> 0 | V13: =IFERROR(IF(V$4="Yes",0,INDEX(Calculations!AD$9:AD$21,MATCH(SiteE!$S15,Calculations!$A$9:$A$21,0))),0) -> 0 | W13: =IFERROR(IF(W$4="Yes",0,INDEX(Calculations!AE$9:AE$21,MATCH(SiteE!$S15,Calculations!$A$9:$A$21,0))),0) -> 0 | X13: =IFERROR(IF(X$4="Yes",0,INDEX(Calculations!AF$9:AF$21,MATCH(SiteE!$S15,Calculations!$A$9:$A$21,0))),0) -> 0 | Y13: =IFERROR(IF(Y$4="Yes",0,INDEX(Calculations!AG$9:AG$21,MATCH(SiteE!$S15,Calculations!$A$9:$A$21,0))),0) -> 0 | Z13: =IFERROR(IF(Z$4="Yes",0,INDEX(Calculations!AH$9:AH$21,MATCH(SiteE!$S15,Calculations!$A$9:$A$21,0))),0) -> 0 | AA13: =IFERROR(IF(AA$4="Yes",0,INDEX(Calculations!AI$9:AI$21,MATCH(SiteE!$S15,Calculations!$A$9:$A$21,0))),0) -> 0 | AB13: =IFERROR(IF(AB$4="Yes",0,INDEX(Calculations!AJ$9:AJ$21,MATCH(SiteE!$S15,Calculations!$A$9:$A$21,0))),0) -> 0 | ... AJ13: =IFERROR(IF(AJ$4="Yes",0,INDEX(Calculations!AR$9:AR$21,MATCH(SiteE!$S15,Calculations!$A$9:$A$21,0))),0) -> 0 | AK13: =IFERROR(SUM(U13:AI13)*'Project Info'!$D$28,0) -> 0 | AL13: =IFERROR(INDEX(Calculations!BC$9:BC$21,MATCH(SiteE!$S15,Calculations!$A$9:$A$21,0))*-1,0) -> 0 | AM13: =IFERROR(INDEX(Calculations!BD$9:BD$21,MATCH(SiteE!$S15,Calculations!$A$9:$A$21,0))*-1,0) -> 0 | AN13: =IFERROR(SUM(OFFSET(Calculations!BE$9,MATCH($S15,Calculations!$A$9:$A$21,0)-1,0,1,4))*-1,0) -> 0 | AO13: =SUM(U13:AN13) -> 0 | AW13: =IFERROR(INDEX(Calculations!BL$9:BL$21,MATCH($S15,Calculations!$A$9:$A$21,0)),0) -> 0 | AX13: =IFERROR(INDEX(Calculations!BM$9:BM$21,MATCH($S15,Calculations!$A$9:$A$21,0)),0) -> 0 | AY13: =IFERROR(INDEX(Calculations!BN$9:BN$21,MATCH($S15,Calculations!$A$9:$A$21,0)),0) -> 0 | AZ13: =IFERROR(INDEX(Calculations!BO$9:BO$21,MATCH($S15,Calculations!$A$9:$A$21,0)),0) -> 0 | BA13: =IFERROR(INDEX(Calculations!BP$9:BP$21,MATCH($S15,Calculations!$A$9:$A$21,0)),0) -> 0
U14: =IFERROR(IF(U$4="Yes",0,INDEX(Calculations!AC$9:AC$21,MATCH(SiteE!$S16,Calculations!$A$9:$A$21,0))),0) -> 0 | V14: =IFERROR(IF(V$4="Yes",0,INDEX(Calculations!AD$9:AD$21,MATCH(SiteE!$S16,Calculations!$A$9:$A$21,0))),0) -> 0 | W14: =IFERROR(IF(W$4="Yes",0,INDEX(Calculations!AE$9:AE$21,MATCH(SiteE!$S16,Calculations!$A$9:$A$21,0))),0) -> 0 | X14: =IFERROR(IF(X$4="Yes",0,INDEX(Calculations!AF$9:AF$21,MATCH(SiteE!$S16,Calculations!$A$9:$A$21,0))),0) -> 0 | Y14: =IFERROR(IF(Y$4="Yes",0,INDEX(Calculations!AG$9:AG$21,MATCH(SiteE!$S16,Calculations!$A$9:$A$21,0))),0) -> 0 | Z14: =IFERROR(IF(Z$4="Yes",0,INDEX(Calculations!AH$9:AH$21,MATCH(SiteE!$S16,Calculations!$A$9:$A$21,0))),0) -> 0 | AA14: =IFERROR(IF(AA$4="Yes",0,INDEX(Calculations!AI$9:AI$21,MATCH(SiteE!$S16,Calculations!$A$9:$A$21,0))),0) -> 0 | AB14: =IFERROR(IF(AB$4="Yes",0,INDEX(Calculations!AJ$9:AJ$21,MATCH(SiteE!$S16,Calculations!$A$9:$A$21,0))),0) -> 0 | ... AJ14: =IFERROR(IF(AJ$4="Yes",0,INDEX(Calculations!AR$9:AR$21,MATCH(SiteE!$S16,Calculations!$A$9:$A$21,0))),0) -> 0 | AK14: =IFERROR(SUM(U14:AI14)*'Project Info'!$D$28,0) -> 0 | AL14: =IFERROR(INDEX(Calculations!BC$9:BC$21,MATCH(SiteE!$S16,Calculations!$A$9:$A$21,0))*-1,0) -> 0 | AM14: =IFERROR(INDEX(Calculations!BD$9:BD$21,MATCH(SiteE!$S16,Calculations!$A$9:$A$21,0))*-1,0) -> 0 | AN14: =IFERROR(SUM(OFFSET(Calculations!BE$9,MATCH($S16,Calculations!$A$9:$A$21,0)-1,0,1,4))*-1,0) -> 0 | AO14: =SUM(U14:AN14) -> 0 | AW14: =IFERROR(INDEX(Calculations!BL$9:BL$21,MATCH($S16,Calculations!$A$9:$A$21,0)),0) -> 0 | AX14: =IFERROR(INDEX(Calculations!BM$9:BM$21,MATCH($S16,Calculations!$A$9:$A$21,0)),0) -> 0 | AY14: =IFERROR(INDEX(Calculations!BN$9:BN$21,MATCH($S16,Calculations!$A$9:$A$21,0)),0) -> 0 | AZ14: =IFERROR(INDEX(Calculations!BO$9:BO$21,MATCH($S16,Calculations!$A$9:$A$21,0)),0) -> 0 | BA14: =IFERROR(INDEX(Calculations!BP$9:BP$21,MATCH($S16,Calculations!$A$9:$A$21,0)),0) -> 0
S15: =IF($K$3=0," ",$K$3) | U15: =IFERROR(IF(U$4="Yes",0,INDEX(Calculations!AC$9:AC$21,MATCH(SiteE!$S17,Calculations!$A$9:$A$21,0))),0) -> 0 | V15: =IFERROR(IF(V$4="Yes",0,INDEX(Calculations!AD$9:AD$21,MATCH(SiteE!$S17,Calculations!$A$9:$A$21,0))),0) -> 0 | W15: =IFERROR(IF(W$4="Yes",0,INDEX(Calculations!AE$9:AE$21,MATCH(SiteE!$S17,Calculations!$A$9:$A$21,0))),0) -> 0 | X15: =IFERROR(IF(X$4="Yes",0,INDEX(Calculations!AF$9:AF$21,MATCH(SiteE!$S17,Calculations!$A$9:$A$21,0))),0) -> 0 | Y15: =IFERROR(IF(Y$4="Yes",0,INDEX(Calculations!AG$9:AG$21,MATCH(SiteE!$S17,Calculations!$A$9:$A$21,0))),0) -> 0 | Z15: =IFERROR(IF(Z$4="Yes",0,INDEX(Calculations!AH$9:AH$21,MATCH(SiteE!$S17,Calculations!$A$9:$A$21,0))),0) -> 0 | AA15: =IFERROR(IF(AA$4="Yes",0,INDEX(Calculations!AI$9:AI$21,MATCH(SiteE!$S17,Calculations!$A$9:$A$21,0))),0) -> 0 | AB15: =IFERROR(IF(AB$4="Yes",0,INDEX(Calculations!AJ$9:AJ$21,MATCH(SiteE!$S17,Calculations!$A$9:$A$21,0))),0) -> 0 | ... AJ15: =IFERROR(IF(AJ$4="Yes",0,INDEX(Calculations!AR$9:AR$21,MATCH(SiteE!$S17,Calculations!$A$9:$A$21,0))),0) -> 0 | AK15: =IFERROR(SUM(U15:AI15)*'Project Info'!$D$28,0) -> 0 | AL15: =IFERROR(INDEX(Calculations!BC$9:BC$21,MATCH(SiteE!$S17,Calculations!$A$9:$A$21,0))*-1,0) -> 0 | AM15: =IFERROR(INDEX(Calculations!BD$9:BD$21,MATCH(SiteE!$S17,Calculations!$A$9:$A$21,0))*-1,0) -> 0 | AN15: =IFERROR(SUM(OFFSET(Calculations!BE$9,MATCH($S17,Calculations!$A$9:$A$21,0)-1,0,1,4))*-1,0) -> 0 | AO15: =SUM(U15:AN15) -> 0 | AW15: =IFERROR(INDEX(Calculations!BL$9:BL$21,MATCH($S17,Calculations!$A$9:$A$21,0)),0) -> 0 | AX15: =IFERROR(INDEX(Calculations!BM$9:BM$21,MATCH($S17,Calculations!$A$9:$A$21,0)),0) -> 0 | AY15: =IFERROR(INDEX(Calculations!BN$9:BN$21,MATCH($S17,Calculations!$A$9:$A$21,0)),0) -> 0 | AZ15: =IFERROR(INDEX(Calculations!BO$9:BO$21,MATCH($S17,Calculations!$A$9:$A$21,0)),0) -> 0 | BA15: =IFERROR(INDEX(Calculations!BP$9:BP$21,MATCH($S17,Calculations!$A$9:$A$21,0)),0) -> 0
S16: =IF($L$3=0," ",$L$3) | U16: =IFERROR(IF(U$4="Yes",0,INDEX(Calculations!AC$9:AC$21,MATCH(SiteE!#REF!,Calculations!$A$9:$A$21,0))),0) -> 0 | V16: =IFERROR(IF(V$4="Yes",0,INDEX(Calculations!AD$9:AD$21,MATCH(SiteE!#REF!,Calculations!$A$9:$A$21,0))),0) -> 0 | W16: =IFERROR(IF(W$4="Yes",0,INDEX(Calculations!AE$9:AE$21,MATCH(SiteE!#REF!,Calculations!$A$9:$A$21,0))),0) -> 0 | X16: =IFERROR(IF(X$4="Yes",0,INDEX(Calculations!AF$9:AF$21,MATCH(SiteE!#REF!,Calculations!$A$9:$A$21,0))),0) -> 0 | Y16: =IFERROR(IF(Y$4="Yes",0,INDEX(Calculations!AG$9:AG$21,MATCH(SiteE!#REF!,Calculations!$A$9:$A$21,0))),0) -> 0 | Z16: =IFERROR(IF(Z$4="Yes",0,INDEX(Calculations!AH$9:AH$21,MATCH(SiteE!#REF!,Calculations!$A$9:$A$21,0))),0) -> 0 | AA16: =IFERROR(IF(AA$4="Yes",0,INDEX(Calculations!AI$9:AI$21,MATCH(SiteE!#REF!,Calculations!$A$9:$A$21,0))),0) -> 0 | AB16: =IFERROR(IF(AB$4="Yes",0,INDEX(Calculations!AJ$9:AJ$21,MATCH(SiteE!#REF!,Calculations!$A$9:$A$21,0))),0) -> 0 | ... AJ16: =IFERROR(IF(AJ$4="Yes",0,INDEX(Calculations!AR$9:AR$21,MATCH(SiteE!#REF!,Calculations!$A$9:$A$21,0))),0) -> 0 | AK16: =IFERROR(SUM(U16:AI16)*'Project Info'!$D$28,0) -> 0 | AL16: =IFERROR(INDEX(Calculations!BC$9:BC$21,MATCH(SiteE!#REF!,Calculations!$A$9:$A$21,0))*-1,0) -> 0 | AM16: =IFERROR(INDEX(Calculations!BD$9:BD$21,MATCH(SiteE!#REF!,Calculations!$A$9:$A$21,0))*-1,0) -> 0 | AN16: =IFERROR(SUM(OFFSET(Calculations!BE$9,MATCH(#REF!,Calculations!$A$9:$A$21,0)-1,0,1,4))*-1,0) -> 0 | AO16: =SUM(U16:AN16) -> 0 | AW16: =IFERROR(INDEX(Calculations!BL$9:BL$21,MATCH(#REF!,Calculations!$A$9:$A$21,0)),0) -> 0 | AX16: =IFERROR(INDEX(Calculations!BM$9:BM$21,MATCH(#REF!,Calculations!$A$9:$A$21,0)),0) -> 0 | AY16: =IFERROR(INDEX(Calculations!BN$9:BN$21,MATCH(#REF!,Calculations!$A$9:$A$21,0)),0) -> 0 | AZ16: =IFERROR(INDEX(Calculations!BO$9:BO$21,MATCH(#REF!,Calculations!$A$9:$A$21,0)),0) -> 0 | BA16: =IFERROR(INDEX(Calculations!BP$9:BP$21,MATCH(#REF!,Calculations!$A$9:$A$21,0)),0) -> 0
P17: =OFFSET(S6,$S$3,0) | S17: =IF($M$3=0," ",$M$3) | U17: =IFERROR(IF(U$4="Yes",0,INDEX(Calculations!AC$9:AC$21,MATCH(SiteE!#REF!,Calculations!$A$9:$A$21,0))),0) -> 0 | V17: =IFERROR(IF(V$4="Yes",0,INDEX(Calculations!AD$9:AD$21,MATCH(SiteE!#REF!,Calculations!$A$9:$A$21,0))),0) -> 0 | W17: =IFERROR(IF(W$4="Yes",0,INDEX(Calculations!AE$9:AE$21,MATCH(SiteE!#REF!,Calculations!$A$9:$A$21,0))),0) -> 0 | X17: =IFERROR(IF(X$4="Yes",0,INDEX(Calculations!AF$9:AF$21,MATCH(SiteE!#REF!,Calculations!$A$9:$A$21,0))),0) -> 0 | Y17: =IFERROR(IF(Y$4="Yes",0,INDEX(Calculations!AG$9:AG$21,MATCH(SiteE!#REF!,Calculations!$A$9:$A$21,0))),0) -> 0 | Z17: =IFERROR(IF(Z$4="Yes",0,INDEX(Calculations!AH$9:AH$21,MATCH(SiteE!#REF!,Calculations!$A$9:$A$21,0))),0) -> 0 | AA17: =IFERROR(IF(AA$4="Yes",0,INDEX(Calculations!AI$9:AI$21,MATCH(SiteE!#REF!,Calculations!$A$9:$A$21,0))),0) -> 0 | AB17: =IFERROR(IF(AB$4="Yes",0,INDEX(Calculations!AJ$9:AJ$21,MATCH(SiteE!#REF!,Calculations!$A$9:$A$21,0))),0) -> 0 | ... AJ17: =IFERROR(IF(AJ$4="Yes",0,INDEX(Calculations!AR$9:AR$21,MATCH(SiteE!#REF!,Calculations!$A$9:$A$21,0))),0) -> 0 | AK17: =IFERROR(SUM(U17:AI17)*'Project Info'!$D$28,0) -> 0 | AL17: =IFERROR(INDEX(Calculations!BC$9:BC$21,MATCH(SiteE!#REF!,Calculations!$A$9:$A$21,0))*-1,0) -> 0 | AM17: =IFERROR(INDEX(Calculations!BD$9:BD$21,MATCH(SiteE!#REF!,Calculations!$A$9:$A$21,0))*-1,0) -> 0 | AN17: =IFERROR(SUM(OFFSET(Calculations!BE$9,MATCH(#REF!,Calculations!$A$9:$A$21,0)-1,0,1,4))*-1,0) -> 0 | AO17: =SUM(U17:AN17) -> 0 | AW17: =IFERROR(INDEX(Calculations!BL$9:BL$21,MATCH(#REF!,Calculations!$A$9:$A$21,0)),0) -> 0 | AX17: =IFERROR(INDEX(Calculations!BM$9:BM$21,MATCH(#REF!,Calculations!$A$9:$A$21,0)),0) -> 0 | AY17: =IFERROR(INDEX(Calculations!BN$9:BN$21,MATCH(#REF!,Calculations!$A$9:$A$21,0)),0) -> 0 | AZ17: =IFERROR(INDEX(Calculations!BO$9:BO$21,MATCH(#REF!,Calculations!$A$9:$A$21,0)),0) -> 0 | BA17: =IFERROR(INDEX(Calculations!BP$9:BP$21,MATCH(#REF!,Calculations!$A$9:$A$21,0)),0) -> 0
S19: =Calculations!A23 -> Energy Use Intensity (kBtu/ft²)
S20: =IF($D$3=0," ",$D$3) -> Proposed Design | U20: =IFERROR(IF(U$4="Yes",0,INDEX(Calculations!AC$24:AC$36,MATCH(SiteE!$S20,Calculations!$A$9:$A$21,0))),0) -> 2.808177 | V20: =IFERROR(IF(V$4="Yes",0,INDEX(Calculations!AD$24:AD$36,MATCH(SiteE!$S20,Calculations!$A$9:$A$21,0))),0) -> 10.466058 | W20: =IFERROR(IF(W$4="Yes",0,INDEX(Calculations!AE$24:AE$36,MATCH(SiteE!$S20,Calculations!$A$9:$A$21,0))),0) -> 11.234457 | X20: =IFERROR(IF(X$4="Yes",0,INDEX(Calculations!AF$24:AF$36,MATCH(SiteE!$S20,Calculations!$A$9:$A$21,0))),0) -> 0 | Y20: =IFERROR(IF(Y$4="Yes",0,INDEX(Calculations!AG$24:AG$36,MATCH(SiteE!$S20,Calculations!$A$9:$A$21,0))),0) -> 13.190884 | Z20: =IFERROR(IF(Z$4="Yes",0,INDEX(Calculations!AH$24:AH$36,MATCH(SiteE!$S20,Calculations!$A$9:$A$21,0))),0) -> 0 | AA20: =IFERROR(IF(AA$4="Yes",0,INDEX(Calculations!AI$24:AI$36,MATCH(SiteE!$S20,Calculations!$A$9:$A$21,0))),0) -> 12.803685 | AB20: =IFERROR(IF(AB$4="Yes",0,INDEX(Calculations!AJ$24:AJ$36,MATCH(SiteE!$S20,Calculations!$A$9:$A$21,0))),0) -> 0 | ... AJ20: =IFERROR(IF(AJ$4="Yes",0,INDEX(Calculations!AR$24:AR$36,MATCH(SiteE!$S20,Calculations!$A$9:$A$21,0))),0) -> 0 | AK20: =IFERROR(SUM(U20:AI20)*'Project Info'!$D$28,0) -> 0 | AL20: =IFERROR(INDEX(Calculations!BC$24:BC$36,MATCH(SiteE!$S20,Calculations!$A$9:$A$21,0))*-1,0) -> 0 | AM20: =IFERROR(INDEX(Calculations!BD$24:BD$36,MATCH(SiteE!$S20,Calculations!$A$9:$A$21,0))*-1,0) -> 0 | AN20: =IFERROR(SUM(OFFSET(Calculations!BE$24,MATCH($S20,Calculations!$A$9:$A$21,0)-1,0,1,4))*-1,0) -> 0 | AO20: =SUM(U20:AN20) -> 50.503261 | AQ20: ='Project Info'!D20 -> NA | AS20: =CONCATENATE(AQ20*100,"% LEED Target") -> #VALUE! | AT20: =Calculations!BQ24*(1-AQ20) -> #VALUE! | AU20: =AT20 -> #VALUE! | AW20: =IFERROR(INDEX(Calculations!BL$24:BL$36,MATCH($S20,Calculations!$A$24:$A$36,0)),0) -> 50.503261 | AX20: =IFERROR(INDEX(Calculations!BM$24:BM$36,MATCH($S20,Calculations!$A$24:$A$36,0)),0) -> 0 | AY20: =IFERROR(INDEX(Calculations!BN$24:BN$36,MATCH($S20,Calculations!$A$24:$A$36,0)),0) -> 0 | AZ20: =IFERROR(INDEX(Calculations!BO$24:BO$36,MATCH($S20,Calculations!$A$24:$A$36,0)),0) -> 0 | BA20: =IFERROR(INDEX(Calculations!BP$24:BP$36,MATCH($S20,Calculations!$A$24:$A$36,0)),0) -> 0
S21: =IF($E$3=0," ",$E$3) | U21: =IFERROR(IF(U$4="Yes",0,INDEX(Calculations!AC$24:AC$36,MATCH(SiteE!$S21,Calculations!$A$9:$A$21,0))),0) -> 0 | V21: =IFERROR(IF(V$4="Yes",0,INDEX(Calculations!AD$24:AD$36,MATCH(SiteE!$S21,Calculations!$A$9:$A$21,0))),0) -> 0 | W21: =IFERROR(IF(W$4="Yes",0,INDEX(Calculations!AE$24:AE$36,MATCH(SiteE!$S21,Calculations!$A$9:$A$21,0))),0) -> 0 | X21: =IFERROR(IF(X$4="Yes",0,INDEX(Calculations!AF$24:AF$36,MATCH(SiteE!$S21,Calculations!$A$9:$A$21,0))),0) -> 0 | Y21: =IFERROR(IF(Y$4="Yes",0,INDEX(Calculations!AG$24:AG$36,MATCH(SiteE!$S21,Calculations!$A$9:$A$21,0))),0) -> 0 | Z21: =IFERROR(IF(Z$4="Yes",0,INDEX(Calculations!AH$24:AH$36,MATCH(SiteE!$S21,Calculations!$A$9:$A$21,0))),0) -> 0 | AA21: =IFERROR(IF(AA$4="Yes",0,INDEX(Calculations!AI$24:AI$36,MATCH(SiteE!$S21,Calculations!$A$9:$A$21,0))),0) -> 0 | AB21: =IFERROR(IF(AB$4="Yes",0,INDEX(Calculations!AJ$24:AJ$36,MATCH(SiteE!$S21,Calculations!$A$9:$A$21,0))),0) -> 0 | ... AJ21: =IFERROR(IF(AJ$4="Yes",0,INDEX(Calculations!AR$24:AR$36,MATCH(SiteE!$S21,Calculations!$A$9:$A$21,0))),0) -> 0 | AK21: =IFERROR(SUM(U21:AI21)*'Project Info'!$D$28,0) -> 0 | AL21: =IFERROR(INDEX(Calculations!BC$24:BC$36,MATCH(SiteE!$S21,Calculations!$A$9:$A$21,0))*-1,0) -> 0 | AM21: =IFERROR(INDEX(Calculations!BD$24:BD$36,MATCH(SiteE!$S21,Calculations!$A$9:$A$21,0))*-1,0) -> 0 | AN21: =IFERROR(SUM(OFFSET(Calculations!BE$24,MATCH($S21,Calculations!$A$9:$A$21,0)-1,0,1,4))*-1,0) -> 0 | AO21: =SUM(U21:AN21) -> 0 | AQ21: ='Project Info'!E20 -> NA | AS21: =CONCATENATE(AQ21*100,"% Code Target") -> #VALUE! | AT21: =Calculations!BQ25*(1-AQ21) -> #VALUE! | AU21: =AT21 -> #VALUE! | AW21: =IFERROR(INDEX(Calculations!BL$24:BL$36,MATCH($S21,Calculations!$A$24:$A$36,0)),0) -> 0 | AX21: =IFERROR(INDEX(Calculations!BM$24:BM$36,MATCH($S21,Calculations!$A$24:$A$36,0)),0) -> 0 | AY21: =IFERROR(INDEX(Calculations!BN$24:BN$36,MATCH($S21,Calculations!$A$24:$A$36,0)),0) -> 0 | AZ21: =IFERROR(INDEX(Calculations!BO$24:BO$36,MATCH($S21,Calculations!$A$24:$A$36,0)),0) -> 0 | BA21: =IFERROR(INDEX(Calculations!BP$24:BP$36,MATCH($S21,Calculations!$A$24:$A$36,0)),0) -> 0
S22: =IF($F$3=0," ",$F$3) | U22: =IFERROR(IF(U$4="Yes",0,INDEX(Calculations!AC$24:AC$36,MATCH(SiteE!$S22,Calculations!$A$9:$A$21,0))),0) -> 0 | V22: =IFERROR(IF(V$4="Yes",0,INDEX(Calculations!AD$24:AD$36,MATCH(SiteE!$S22,Calculations!$A$9:$A$21,0))),0) -> 0 | W22: =IFERROR(IF(W$4="Yes",0,INDEX(Calculations!AE$24:AE$36,MATCH(SiteE!$S22,Calculations!$A$9:$A$21,0))),0) -> 0 | X22: =IFERROR(IF(X$4="Yes",0,INDEX(Calculations!AF$24:AF$36,MATCH(SiteE!$S22,Calculations!$A$9:$A$21,0))),0) -> 0 | Y22: =IFERROR(IF(Y$4="Yes",0,INDEX(Calculations!AG$24:AG$36,MATCH(SiteE!$S22,Calculations!$A$9:$A$21,0))),0) -> 0 | Z22: =IFERROR(IF(Z$4="Yes",0,INDEX(Calculations!AH$24:AH$36,MATCH(SiteE!$S22,Calculations!$A$9:$A$21,0))),0) -> 0 | AA22: =IFERROR(IF(AA$4="Yes",0,INDEX(Calculations!AI$24:AI$36,MATCH(SiteE!$S22,Calculations!$A$9:$A$21,0))),0) -> 0 | AB22: =IFERROR(IF(AB$4="Yes",0,INDEX(Calculations!AJ$24:AJ$36,MATCH(SiteE!$S22,Calculations!$A$9:$A$21,0))),0) -> 0 | ... AJ22: =IFERROR(IF(AJ$4="Yes",0,INDEX(Calculations!AR$24:AR$36,MATCH(SiteE!$S22,Calculations!$A$9:$A$21,0))),0) -> 0 | AK22: =IFERROR(SUM(U22:AI22)*'Project Info'!$D$28,0) -> 0 | AL22: =IFERROR(INDEX(Calculations!BC$24:BC$36,MATCH(SiteE!$S22,Calculations!$A$9:$A$21,0))*-1,0) -> 0 | AM22: =IFERROR(INDEX(Calculations!BD$24:BD$36,MATCH(SiteE!$S22,Calculations!$A$9:$A$21,0))*-1,0) -> 0 | AN22: =IFERROR(SUM(OFFSET(Calculations!BE$24,MATCH($S22,Calculations!$A$9:$A$21,0)-1,0,1,4))*-1,0) -> 0 | AO22: =SUM(U22:AN22) -> 0 | AW22: =IFERROR(INDEX(Calculations!BL$24:BL$36,MATCH($S22,Calculations!$A$24:$A$36,0)),0) -> 0 | AX22: =IFERROR(INDEX(Calculations!BM$24:BM$36,MATCH($S22,Calculations!$A$24:$A$36,0)),0) -> 0 | AY22: =IFERROR(INDEX(Calculations!BN$24:BN$36,MATCH($S22,Calculations!$A$24:$A$36,0)),0) -> 0 | AZ22: =IFERROR(INDEX(Calculations!BO$24:BO$36,MATCH($S22,Calculations!$A$24:$A$36,0)),0) -> 0 | BA22: =IFERROR(INDEX(Calculations!BP$24:BP$36,MATCH($S22,Calculations!$A$24:$A$36,0)),0) -> 0
S23: =IF($G$3=0," ",$G$3) | U23: =IFERROR(IF(U$4="Yes",0,INDEX(Calculations!AC$24:AC$36,MATCH(SiteE!$S23,Calculations!$A$9:$A$21,0))),0) -> 0 | V23: =IFERROR(IF(V$4="Yes",0,INDEX(Calculations!AD$24:AD$36,MATCH(SiteE!$S23,Calculations!$A$9:$A$21,0))),0) -> 0 | W23: =IFERROR(IF(W$4="Yes",0,INDEX(Calculations!AE$24:AE$36,MATCH(SiteE!$S23,Calculations!$A$9:$A$21,0))),0) -> 0 | X23: =IFERROR(IF(X$4="Yes",0,INDEX(Calculations!AF$24:AF$36,MATCH(SiteE!$S23,Calculations!$A$9:$A$21,0))),0) -> 0 | Y23: =IFERROR(IF(Y$4="Yes",0,INDEX(Calculations!AG$24:AG$36,MATCH(SiteE!$S23,Calculations!$A$9:$A$21,0))),0) -> 0 | Z23: =IFERROR(IF(Z$4="Yes",0,INDEX(Calculations!AH$24:AH$36,MATCH(SiteE!$S23,Calculations!$A$9:$A$21,0))),0) -> 0 | AA23: =IFERROR(IF(AA$4="Yes",0,INDEX(Calculations!AI$24:AI$36,MATCH(SiteE!$S23,Calculations!$A$9:$A$21,0))),0) -> 0 | AB23: =IFERROR(IF(AB$4="Yes",0,INDEX(Calculations!AJ$24:AJ$36,MATCH(SiteE!$S23,Calculations!$A$9:$A$21,0))),0) -> 0 | ... AJ23: =IFERROR(IF(AJ$4="Yes",0,INDEX(Calculations!AR$24:AR$36,MATCH(SiteE!$S23,Calculations!$A$9:$A$21,0))),0) -> 0 | AK23: =IFERROR(SUM(U23:AI23)*'Project Info'!$D$28,0) -> 0 | AL23: =IFERROR(INDEX(Calculations!BC$24:BC$36,MATCH(SiteE!$S23,Calculations!$A$9:$A$21,0))*-1,0) -> 0 | AM23: =IFERROR(INDEX(Calculations!BD$24:BD$36,MATCH(SiteE!$S23,Calculations!$A$9:$A$21,0))*-1,0) -> 0 | AN23: =IFERROR(SUM(OFFSET(Calculations!BE$24,MATCH($S23,Calculations!$A$9:$A$21,0)-1,0,1,4))*-1,0) -> 0 | AO23: =SUM(U23:AN23) -> 0 | AW23: =IFERROR(INDEX(Calculations!BL$24:BL$36,MATCH($S23,Calculations!$A$24:$A$36,0)),0) -> 0 | AX23: =IFERROR(INDEX(Calculations!BM$24:BM$36,MATCH($S23,Calculations!$A$24:$A$36,0)),0) -> 0 | AY23: =IFERROR(INDEX(Calculations!BN$24:BN$36,MATCH($S23,Calculations!$A$24:$A$36,0)),0) -> 0 | AZ23: =IFERROR(INDEX(Calculations!BO$24:BO$36,MATCH($S23,Calculations!$A$24:$A$36,0)),0) -> 0 | BA23: =IFERROR(INDEX(Calculations!BP$24:BP$36,MATCH($S23,Calculations!$A$24:$A$36,0)),0) -> 0
S24: =IF($H$3=0," ",$H$3) | U24: =IFERROR(IF(U$4="Yes",0,INDEX(Calculations!AC$24:AC$36,MATCH(SiteE!$S24,Calculations!$A$9:$A$21,0))),0) -> 0 | V24: =IFERROR(IF(V$4="Yes",0,INDEX(Calculations!AD$24:AD$36,MATCH(SiteE!$S24,Calculations!$A$9:$A$21,0))),0) -> 0 | W24: =IFERROR(IF(W$4="Yes",0,INDEX(Calculations!AE$24:AE$36,MATCH(SiteE!$S24,Calculations!$A$9:$A$21,0))),0) -> 0 | X24: =IFERROR(IF(X$4="Yes",0,INDEX(Calculations!AF$24:AF$36,MATCH(SiteE!$S24,Calculations!$A$9:$A$21,0))),0) -> 0 | Y24: =IFERROR(IF(Y$4="Yes",0,INDEX(Calculations!AG$24:AG$36,MATCH(SiteE!$S24,Calculations!$A$9:$A$21,0))),0) -> 0 | Z24: =IFERROR(IF(Z$4="Yes",0,INDEX(Calculations!AH$24:AH$36,MATCH(SiteE!$S24,Calculations!$A$9:$A$21,0))),0) -> 0 | AA24: =IFERROR(IF(AA$4="Yes",0,INDEX(Calculations!AI$24:AI$36,MATCH(SiteE!$S24,Calculations!$A$9:$A$21,0))),0) -> 0 | AB24: =IFERROR(IF(AB$4="Yes",0,INDEX(Calculations!AJ$24:AJ$36,MATCH(SiteE!$S24,Calculations!$A$9:$A$21,0))),0) -> 0 | ... AJ24: =IFERROR(IF(AJ$4="Yes",0,INDEX(Calculations!AR$24:AR$36,MATCH(SiteE!$S24,Calculations!$A$9:$A$21,0))),0) -> 0 | AK24: =IFERROR(SUM(U24:AI24)*'Project Info'!$D$28,0) -> 0 | AL24: =IFERROR(INDEX(Calculations!BC$24:BC$36,MATCH(SiteE!$S24,Calculations!$A$9:$A$21,0))*-1,0) -> 0 | AM24: =IFERROR(INDEX(Calculations!BD$24:BD$36,MATCH(SiteE!$S24,Calculations!$A$9:$A$21,0))*-1,0) -> 0 | AN24: =IFERROR(SUM(OFFSET(Calculations!BE$24,MATCH($S24,Calculations!$A$9:$A$21,0)-1,0,1,4))*-1,0) -> 0 | AO24: =SUM(U24:AN24) -> 0 | AW24: =IFERROR(INDEX(Calculations!BL$24:BL$36,MATCH($S24,Calculations!$A$24:$A$36,0)),0) -> 0 | AX24: =IFERROR(INDEX(Calculations!BM$24:BM$36,MATCH($S24,Calculations!$A$24:$A$36,0)),0) -> 0 | AY24: =IFERROR(INDEX(Calculations!BN$24:BN$36,MATCH($S24,Calculations!$A$24:$A$36,0)),0) -> 0 | AZ24: =IFERROR(INDEX(Calculations!BO$24:BO$36,MATCH($S24,Calculations!$A$24:$A$36,0)),0) -> 0 | BA24: =IFERROR(INDEX(Calculations!BP$24:BP$36,MATCH($S24,Calculations!$A$24:$A$36,0)),0) -> 0
S25: =IF($I$3=0," ",$I$3) | U25: =IFERROR(IF(U$4="Yes",0,INDEX(Calculations!AC$24:AC$36,MATCH(SiteE!$S25,Calculations!$A$9:$A$21,0))),0) -> 0 | V25: =IFERROR(IF(V$4="Yes",0,INDEX(Calculations!AD$24:AD$36,MATCH(SiteE!$S25,Calculations!$A$9:$A$21,0))),0) -> 0 | W25: =IFERROR(IF(W$4="Yes",0,INDEX(Calculations!AE$24:AE$36,MATCH(SiteE!$S25,Calculations!$A$9:$A$21,0))),0) -> 0 | X25: =IFERROR(IF(X$4="Yes",0,INDEX(Calculations!AF$24:AF$36,MATCH(SiteE!$S25,Calculations!$A$9:$A$21,0))),0) -> 0 | Y25: =IFERROR(IF(Y$4="Yes",0,INDEX(Calculations!AG$24:AG$36,MATCH(SiteE!$S25,Calculations!$A$9:$A$21,0))),0) -> 0 | Z25: =IFERROR(IF(Z$4="Yes",0,INDEX(Calculations!AH$24:AH$36,MATCH(SiteE!$S25,Calculations!$A$9:$A$21,0))),0) -> 0 | AA25: =IFERROR(IF(AA$4="Yes",0,INDEX(Calculations!AI$24:AI$36,MATCH(SiteE!$S25,Calculations!$A$9:$A$21,0))),0) -> 0 | AB25: =IFERROR(IF(AB$4="Yes",0,INDEX(Calculations!AJ$24:AJ$36,MATCH(SiteE!$S25,Calculations!$A$9:$A$21,0))),0) -> 0 | ... AJ25: =IFERROR(IF(AJ$4="Yes",0,INDEX(Calculations!AR$24:AR$36,MATCH(SiteE!$S25,Calculations!$A$9:$A$21,0))),0) -> 0 | AK25: =IFERROR(SUM(U25:AI25)*'Project Info'!$D$28,0) -> 0 | AL25: =IFERROR(INDEX(Calculations!BC$24:BC$36,MATCH(SiteE!$S25,Calculations!$A$9:$A$21,0))*-1,0) -> 0 | AM25: =IFERROR(INDEX(Calculations!BD$24:BD$36,MATCH(SiteE!$S25,Calculations!$A$9:$A$21,0))*-1,0) -> 0 | AN25: =IFERROR(SUM(OFFSET(Calculations!BE$24,MATCH($S25,Calculations!$A$9:$A$21,0)-1,0,1,4))*-1,0) -> 0 | AO25: =SUM(U25:AN25) -> 0 | AW25: =IFERROR(INDEX(Calculations!BL$24:BL$36,MATCH($S25,Calculations!$A$24:$A$36,0)),0) -> 0 | AX25: =IFERROR(INDEX(Calculations!BM$24:BM$36,MATCH($S25,Calculations!$A$24:$A$36,0)),0) -> 0 | AY25: =IFERROR(INDEX(Calculations!BN$24:BN$36,MATCH($S25,Calculations!$A$24:$A$36,0)),0) -> 0 | AZ25: =IFERROR(INDEX(Calculations!BO$24:BO$36,MATCH($S25,Calculations!$A$24:$A$36,0)),0) -> 0 | BA25: =IFERROR(INDEX(Calculations!BP$24:BP$36,MATCH($S25,Calculations!$A$24:$A$36,0)),0) -> 0
S26: =IF($J$3=0," ",$J$3) | U26: =IFERROR(IF(U$4="Yes",0,INDEX(Calculations!AC$24:AC$36,MATCH(SiteE!$S26,Calculations!$A$9:$A$21,0))),0) -> 0 | V26: =IFERROR(IF(V$4="Yes",0,INDEX(Calculations!AD$24:AD$36,MATCH(SiteE!$S26,Calculations!$A$9:$A$21,0))),0) -> 0 | W26: =IFERROR(IF(W$4="Yes",0,INDEX(Calculations!AE$24:AE$36,MATCH(SiteE!$S26,Calculations!$A$9:$A$21,0))),0) -> 0 | X26: =IFERROR(IF(X$4="Yes",0,INDEX(Calculations!AF$24:AF$36,MATCH(SiteE!$S26,Calculations!$A$9:$A$21,0))),0) -> 0 | Y26: =IFERROR(IF(Y$4="Yes",0,INDEX(Calculations!AG$24:AG$36,MATCH(SiteE!$S26,Calculations!$A$9:$A$21,0))),0) -> 0 | Z26: =IFERROR(IF(Z$4="Yes",0,INDEX(Calculations!AH$24:AH$36,MATCH(SiteE!$S26,Calculations!$A$9:$A$21,0))),0) -> 0 | AA26: =IFERROR(IF(AA$4="Yes",0,INDEX(Calculations!AI$24:AI$36,MATCH(SiteE!$S26,Calculations!$A$9:$A$21,0))),0) -> 0 | AB26: =IFERROR(IF(AB$4="Yes",0,INDEX(Calculations!AJ$24:AJ$36,MATCH(SiteE!$S26,Calculations!$A$9:$A$21,0))),0) -> 0 | ... AJ26: =IFERROR(IF(AJ$4="Yes",0,INDEX(Calculations!AR$24:AR$36,MATCH(SiteE!$S26,Calculations!$A$9:$A$21,0))),0) -> 0 | AK26: =IFERROR(SUM(U26:AI26)*'Project Info'!$D$28,0) -> 0 | AL26: =IFERROR(INDEX(Calculations!BC$24:BC$36,MATCH(SiteE!$S26,Calculations!$A$9:$A$21,0))*-1,0) -> 0 | AM26: =IFERROR(INDEX(Calculations!BD$24:BD$36,MATCH(SiteE!$S26,Calculations!$A$9:$A$21,0))*-1,0) -> 0 | AN26: =IFERROR(SUM(OFFSET(Calculations!BE$24,MATCH($S26,Calculations!$A$9:$A$21,0)-1,0,1,4))*-1,0) -> 0 | AO26: =SUM(U26:AN26) -> 0 | AW26: =IFERROR(INDEX(Calculations!BL$24:BL$36,MATCH($S26,Calculations!$A$24:$A$36,0)),0) -> 0 | AX26: =IFERROR(INDEX(Calculations!BM$24:BM$36,MATCH($S26,Calculations!$A$24:$A$36,0)),0) -> 0 | AY26: =IFERROR(INDEX(Calculations!BN$24:BN$36,MATCH($S26,Calculations!$A$24:$A$36,0)),0) -> 0 | AZ26: =IFERROR(INDEX(Calculations!BO$24:BO$36,MATCH($S26,Calculations!$A$24:$A$36,0)),0) -> 0 | BA26: =IFERROR(INDEX(Calculations!BP$24:BP$36,MATCH($S26,Calculations!$A$24:$A$36,0)),0) -> 0
S27: =IF($K$3=0," ",$K$3) | U27: =IFERROR(IF(U$4="Yes",0,INDEX(Calculations!AC$24:AC$36,MATCH(SiteE!$S27,Calculations!$A$9:$A$21,0))),0) -> 0 | V27: =IFERROR(IF(V$4="Yes",0,INDEX(Calculations!AD$24:AD$36,MATCH(SiteE!$S27,Calculations!$A$9:$A$21,0))),0) -> 0 | W27: =IFERROR(IF(W$4="Yes",0,INDEX(Calculations!AE$24:AE$36,MATCH(SiteE!$S27,Calculations!$A$9:$A$21,0))),0) -> 0 | X27: =IFERROR(IF(X$4="Yes",0,INDEX(Calculations!AF$24:AF$36,MATCH(SiteE!$S27,Calculations!$A$9:$A$21,0))),0) -> 0 | Y27: =IFERROR(IF(Y$4="Yes",0,INDEX(Calculations!AG$24:AG$36,MATCH(SiteE!$S27,Calculations!$A$9:$A$21,0))),0) -> 0 | Z27: =IFERROR(IF(Z$4="Yes",0,INDEX(Calculations!AH$24:AH$36,MATCH(SiteE!$S27,Calculations!$A$9:$A$21,0))),0) -> 0 | AA27: =IFERROR(IF(AA$4="Yes",0,INDEX(Calculations!AI$24:AI$36,MATCH(SiteE!$S27,Calculations!$A$9:$A$21,0))),0) -> 0 | AB27: =IFERROR(IF(AB$4="Yes",0,INDEX(Calculations!AJ$24:AJ$36,MATCH(SiteE!$S27,Calculations!$A$9:$A$21,0))),0) -> 0 | ... AJ27: =IFERROR(IF(AJ$4="Yes",0,INDEX(Calculations!AR$24:AR$36,MATCH(SiteE!$S27,Calculations!$A$9:$A$21,0))),0) -> 0 | AK27: =IFERROR(SUM(U27:AI27)*'Project Info'!$D$28,0) -> 0 | AL27: =IFERROR(INDEX(Calculations!BC$24:BC$36,MATCH(SiteE!$S27,Calculations!$A$9:$A$21,0))*-1,0) -> 0 | AM27: =IFERROR(INDEX(Calculations!BD$24:BD$36,MATCH(SiteE!$S27,Calculations!$A$9:$A$21,0))*-1,0) -> 0 | AN27: =IFERROR(SUM(OFFSET(Calculations!BE$24,MATCH($S27,Calculations!$A$9:$A$21,0)-1,0,1,4))*-1,0) -> 0 | AO27: =SUM(U27:AN27) -> 0 | AW27: =IFERROR(INDEX(Calculations!BL$24:BL$36,MATCH($S27,Calculations!$A$24:$A$36,0)),0) -> 0 | AX27: =IFERROR(INDEX(Calculations!BM$24:BM$36,MATCH($S27,Calculations!$A$24:$A$36,0)),0) -> 0 | AY27: =IFERROR(INDEX(Calculations!BN$24:BN$36,MATCH($S27,Calculations!$A$24:$A$36,0)),0) -> 0 | AZ27: =IFERROR(INDEX(Calculations!BO$24:BO$36,MATCH($S27,Calculations!$A$24:$A$36,0)),0) -> 0 | BA27: =IFERROR(INDEX(Calculations!BP$24:BP$36,MATCH($S27,Calculations!$A$24:$A$36,0)),0) -> 0
S28: =IF($L$3=0," ",$L$3) | U28: =IFERROR(IF(U$4="Yes",0,INDEX(Calculations!AC$24:AC$36,MATCH(SiteE!$S28,Calculations!$A$9:$A$21,0))),0) -> 0 | V28: =IFERROR(IF(V$4="Yes",0,INDEX(Calculations!AD$24:AD$36,MATCH(SiteE!$S28,Calculations!$A$9:$A$21,0))),0) -> 0 | W28: =IFERROR(IF(W$4="Yes",0,INDEX(Calculations!AE$24:AE$36,MATCH(SiteE!$S28,Calculations!$A$9:$A$21,0))),0) -> 0 | X28: =IFERROR(IF(X$4="Yes",0,INDEX(Calculations!AF$24:AF$36,MATCH(SiteE!$S28,Calculations!$A$9:$A$21,0))),0) -> 0 | Y28: =IFERROR(IF(Y$4="Yes",0,INDEX(Calculations!AG$24:AG$36,MATCH(SiteE!$S28,Calculations!$A$9:$A$21,0))),0) -> 0 | Z28: =IFERROR(IF(Z$4="Yes",0,INDEX(Calculations!AH$24:AH$36,MATCH(SiteE!$S28,Calculations!$A$9:$A$21,0))),0) -> 0 | AA28: =IFERROR(IF(AA$4="Yes",0,INDEX(Calculations!AI$24:AI$36,MATCH(SiteE!$S28,Calculations!$A$9:$A$21,0))),0) -> 0 | AB28: =IFERROR(IF(AB$4="Yes",0,INDEX(Calculations!AJ$24:AJ$36,MATCH(SiteE!$S28,Calculations!$A$9:$A$21,0))),0) -> 0 | ... AJ28: =IFERROR(IF(AJ$4="Yes",0,INDEX(Calculations!AR$24:AR$36,MATCH(SiteE!$S28,Calculations!$A$9:$A$21,0))),0) -> 0 | AK28: =IFERROR(SUM(U28:AI28)*'Project Info'!$D$28,0) -> 0 | AL28: =IFERROR(INDEX(Calculations!BC$24:BC$36,MATCH(SiteE!$S31,Calculations!$A$9:$A$21,0))*-1,0) -> 0 | AM28: =IFERROR(INDEX(Calculations!BD$24:BD$36,MATCH(SiteE!$S31,Calculations!$A$9:$A$21,0))*-1,0) -> 0 | AN28: =IFERROR(SUM(OFFSET(Calculations!BE$24,MATCH($S28,Calculations!$A$9:$A$21,0)-1,0,1,4))*-1,0) -> 0 | AO28: =SUM(U28:AN28) -> 0 | AW28: =IFERROR(INDEX(Calculations!BL$24:BL$36,MATCH($S28,Calculations!$A$24:$A$36,0)),0) -> 0 | AX28: =IFERROR(INDEX(Calculations!BM$24:BM$36,MATCH($S28,Calculations!$A$24:$A$36,0)),0) -> 0 | AY28: =IFERROR(INDEX(Calculations!BN$24:BN$36,MATCH($S28,Calculations!$A$24:$A$36,0)),0) -> 0 | AZ28: =IFERROR(INDEX(Calculations!BO$24:BO$36,MATCH($S28,Calculations!$A$24:$A$36,0)),0) -> 0 | BA28: =IFERROR(INDEX(Calculations!BP$24:BP$36,MATCH($S28,Calculations!$A$24:$A$36,0)),0) -> 0
S29: =IF($M$3=0," ",$M$3) | U29: =IFERROR(IF(U$4="Yes",0,INDEX(Calculations!AC$24:AC$36,MATCH(SiteE!$S29,Calculations!$A$9:$A$21,0))),0) -> 0 | V29: =IFERROR(IF(V$4="Yes",0,INDEX(Calculations!AD$24:AD$36,MATCH(SiteE!$S29,Calculations!$A$9:$A$21,0))),0) -> 0 | W29: =IFERROR(IF(W$4="Yes",0,INDEX(Calculations!AE$24:AE$36,MATCH(SiteE!$S29,Calculations!$A$9:$A$21,0))),0) -> 0 | X29: =IFERROR(IF(X$4="Yes",0,INDEX(Calculations!AF$24:AF$36,MATCH(SiteE!$S29,Calculations!$A$9:$A$21,0))),0) -> 0 | Y29: =IFERROR(IF(Y$4="Yes",0,INDEX(Calculations!AG$24:AG$36,MATCH(SiteE!$S29,Calculations!$A$9:$A$21,0))),0) -> 0 | Z29: =IFERROR(IF(Z$4="Yes",0,INDEX(Calculations!AH$24:AH$36,MATCH(SiteE!$S29,Calculations!$A$9:$A$21,0))),0) -> 0 | AA29: =IFERROR(IF(AA$4="Yes",0,INDEX(Calculations!AI$24:AI$36,MATCH(SiteE!$S29,Calculations!$A$9:$A$21,0))),0) -> 0 | AB29: =IFERROR(IF(AB$4="Yes",0,INDEX(Calculations!AJ$24:AJ$36,MATCH(SiteE!$S29,Calculations!$A$9:$A$21,0))),0) -> 0 | ... AJ29: =IFERROR(IF(AJ$4="Yes",0,INDEX(Calculations!AR$24:AR$36,MATCH(SiteE!$S29,Calculations!$A$9:$A$21,0))),0) -> 0 | AK29: =IFERROR(SUM(U29:AI29)*'Project Info'!$D$28,0) -> 0 | AL29: =IFERROR(INDEX(Calculations!BC$24:BC$36,MATCH(SiteE!$S29,Calculations!$A$9:$A$21,0))*-1,0) -> 0 | AM29: =IFERROR(INDEX(Calculations!BD$24:BD$36,MATCH(SiteE!$S29,Calculations!$A$9:$A$21,0))*-1,0) -> 0 | AN29: =IFERROR(SUM(OFFSET(Calculations!BE$24,MATCH($S29,Calculations!$A$9:$A$21,0)-1,0,1,4))*-1,0) -> 0 | AO29: =SUM(U29:AN29) -> 0 | AW29: =IFERROR(INDEX(Calculations!BL$24:BL$36,MATCH($S29,Calculations!$A$24:$A$36,0)),0) -> 0 | AX29: =IFERROR(INDEX(Calculations!BM$24:BM$36,MATCH($S29,Calculations!$A$24:$A$36,0)),0) -> 0 | AY29: =IFERROR(INDEX(Calculations!BN$24:BN$36,MATCH($S29,Calculations!$A$24:$A$36,0)),0) -> 0 | AZ29: =IFERROR(INDEX(Calculations!BO$24:BO$36,MATCH($S29,Calculations!$A$24:$A$36,0)),0) -> 0 | BA29: =IFERROR(INDEX(Calculations!BP$24:BP$36,MATCH($S29,Calculations!$A$24:$A$36,0)),0) -> 0
S30: =IF($M$3=0," ",$M$3) | U30: =IFERROR(IF(U$4="Yes",0,INDEX(Calculations!AC$24:AC$36,MATCH(SiteE!$S30,Calculations!$A$9:$A$21,0))),0) -> 0 | V30: =IFERROR(IF(V$4="Yes",0,INDEX(Calculations!AD$24:AD$36,MATCH(SiteE!$S30,Calculations!$A$9:$A$21,0))),0) -> 0 | W30: =IFERROR(IF(W$4="Yes",0,INDEX(Calculations!AE$24:AE$36,MATCH(SiteE!$S30,Calculations!$A$9:$A$21,0))),0) -> 0 | X30: =IFERROR(IF(X$4="Yes",0,INDEX(Calculations!AF$24:AF$36,MATCH(SiteE!$S30,Calculations!$A$9:$A$21,0))),0) -> 0 | Y30: =IFERROR(IF(Y$4="Yes",0,INDEX(Calculations!AG$24:AG$36,MATCH(SiteE!$S30,Calculations!$A$9:$A$21,0))),0) -> 0 | Z30: =IFERROR(IF(Z$4="Yes",0,INDEX(Calculations!AH$24:AH$36,MATCH(SiteE!$S30,Calculations!$A$9:$A$21,0))),0) -> 0 | AA30: =IFERROR(IF(AA$4="Yes",0,INDEX(Calculations!AI$24:AI$36,MATCH(SiteE!$S30,Calculations!$A$9:$A$21,0))),0) -> 0 | AB30: =IFERROR(IF(AB$4="Yes",0,INDEX(Calculations!AJ$24:AJ$36,MATCH(SiteE!$S30,Calculations!$A$9:$A$21,0))),0) -> 0 | ... AJ30: =IFERROR(IF(AJ$4="Yes",0,INDEX(Calculations!AR$24:AR$36,MATCH(SiteE!$S30,Calculations!$A$9:$A$21,0))),0) -> 0 | AK30: =IFERROR(SUM(U30:AI30)*'Project Info'!$D$28,0) -> 0 | AL30: =IFERROR(INDEX(Calculations!BC$24:BC$36,MATCH(SiteE!$S30,Calculations!$A$9:$A$21,0))*-1,0) -> 0 | AM30: =IFERROR(INDEX(Calculations!BD$24:BD$36,MATCH(SiteE!$S30,Calculations!$A$9:$A$21,0))*-1,0) -> 0 | AN30: =IFERROR(SUM(OFFSET(Calculations!BE$24,MATCH($S30,Calculations!$A$9:$A$21,0)-1,0,1,4))*-1,0) -> 0 | AO30: =SUM(U30:AN30) -> 0 | AW30: =IFERROR(INDEX(Calculations!BL$24:BL$36,MATCH($S30,Calculations!$A$24:$A$36,0)),0) -> 0 | AX30: =IFERROR(INDEX(Calculations!BM$24:BM$36,MATCH($S30,Calculations!$A$24:$A$36,0)),0) -> 0 | AY30: =IFERROR(INDEX(Calculations!BN$24:BN$36,MATCH($S30,Calculations!$A$24:$A$36,0)),0) -> 0 | AZ30: =IFERROR(INDEX(Calculations!BO$24:BO$36,MATCH($S30,Calculations!$A$24:$A$36,0)),0) -> 0 | BA30: =IFERROR(INDEX(Calculations!BP$24:BP$36,MATCH($S30,Calculations!$A$24:$A$36,0)),0) -> 0
S31: =IF($M$3=0," ",$M$3) | U31: =IFERROR(IF(U$4="Yes",0,INDEX(Calculations!AC$24:AC$36,MATCH(SiteE!$S31,Calculations!$A$9:$A$21,0))),0) -> 0 | V31: =IFERROR(IF(V$4="Yes",0,INDEX(Calculations!AD$24:AD$36,MATCH(SiteE!$S31,Calculations!$A$9:$A$21,0))),0) -> 0 | W31: =IFERROR(IF(W$4="Yes",0,INDEX(Calculations!AE$24:AE$36,MATCH(SiteE!$S31,Calculations!$A$9:$A$21,0))),0) -> 0 | X31: =IFERROR(IF(X$4="Yes",0,INDEX(Calculations!AF$24:AF$36,MATCH(SiteE!$S31,Calculations!$A$9:$A$21,0))),0) -> 0 | Y31: =IFERROR(IF(Y$4="Yes",0,INDEX(Calculations!AG$24:AG$36,MATCH(SiteE!$S31,Calculations!$A$9:$A$21,0))),0) -> 0 | Z31: =IFERROR(IF(Z$4="Yes",0,INDEX(Calculations!AH$24:AH$36,MATCH(SiteE!$S31,Calculations!$A$9:$A$21,0))),0) -> 0 | AA31: =IFERROR(IF(AA$4="Yes",0,INDEX(Calculations!AI$24:AI$36,MATCH(SiteE!$S31,Calculations!$A$9:$A$21,0))),0) -> 0 | AB31: =IFERROR(IF(AB$4="Yes",0,INDEX(Calculations!AJ$24:AJ$36,MATCH(SiteE!$S31,Calculations!$A$9:$A$21,0))),0) -> 0 | ... AJ31: =IFERROR(IF(AJ$4="Yes",0,INDEX(Calculations!AR$24:AR$36,MATCH(SiteE!$S31,Calculations!$A$9:$A$21,0))),0) -> 0 | AK31: =IFERROR(SUM(U31:AI31)*'Project Info'!$D$28,0) -> 0 | AL31: =IFERROR(INDEX(Calculations!BC$24:BC$36,MATCH(SiteE!$S31,Calculations!$A$9:$A$21,0))*-1,0) -> 0 | AM31: =IFERROR(INDEX(Calculations!BD$24:BD$36,MATCH(SiteE!$S31,Calculations!$A$9:$A$21,0))*-1,0) -> 0 | AN31: =IFERROR(SUM(OFFSET(Calculations!BE$24,MATCH($S31,Calculations!$A$9:$A$21,0)-1,0,1,4))*-1,0) -> 0 | AO31: =SUM(U31:AN31) -> 0 | AW31: =IFERROR(INDEX(Calculations!BL$24:BL$36,MATCH($S31,Calculations!$A$24:$A$36,0)),0) -> 0 | AX31: =IFERROR(INDEX(Calculations!BM$24:BM$36,MATCH($S31,Calculations!$A$24:$A$36,0)),0) -> 0 | AY31: =IFERROR(INDEX(Calculations!BN$24:BN$36,MATCH($S31,Calculations!$A$24:$A$36,0)),0) -> 0 | AZ31: =IFERROR(INDEX(Calculations!BO$24:BO$36,MATCH($S31,Calculations!$A$24:$A$36,0)),0) -> 0 | BA31: =IFERROR(INDEX(Calculations!BP$24:BP$36,MATCH($S31,Calculations!$A$24:$A$36,0)),0) -> 0
S32: =IF($M$3=0," ",$M$3)
S33: =IF($M$3=0," ",$M$3)

Sheet SourceE
A1: =Menus!C25 -> Source Energy Use
S2: =SiteE!S2 -> LEED | U2: =IF(AND(S2=Menus!I7,'Project Info'!D16="No"),"No","Yes") -> Yes
S3: =SiteE!S3 -> 1 | U3: =Calculations!AC4 -> Heating | V3: =Calculations!AD4 -> Cooling | W3: =Calculations!AE4 -> Lighting | X3: =Calculations!AF4 -> Exterior Lighting | Y3: =Calculations!AG4 -> Equipment | Z3: =Calculations!AH4 -> Exterior Equipment | AA3: =Calculations!AI4 -> Fans | AB3: =Calculations!AJ4 -> Pumps | ... AH3: =Calculations!AP4 -> Generators | AI3: =IF(ISBLANK('Project Info'!I10)," ",'Project Info'!I10) | AJ3: =IF(ISBLANK('Project Info'!J10)," ",'Project Info'!J10) | AK3: Uncertainty | AL3: PV | AM3: Wind | AN3: SHW | AO3: Total | AQ3: Savings Target
U4: =IF(AND($S$2=Menus!$I$7,'Project Info'!$D$16="No"),Calculations!AC$6,"No") -> No | V4: =IF(AND($S$2=Menus!$I$7,'Project Info'!$D$16="No"),Calculations!AD$6,"No") -> No | W4: =IF(AND($S$2=Menus!$I$7,'Project Info'!$D$16="No"),Calculations!AE$6,"No") -> No | X4: =IF(AND($S$2=Menus!$I$7,'Project Info'!$D$16="No"),Calculations!AF$6,"No") -> No | Y4: =IF(AND($S$2=Menus!$I$7,'Project Info'!$D$16="No"),Calculations!AG$6,"No") -> No | Z4: =IF(AND($S$2=Menus!$I$7,'Project Info'!$D$16="No"),Calculations!AH$6,"No") -> No | AA4: =IF(AND($S$2=Menus!$I$7,'Project Info'!$D$16="No"),Calculations!AI$6,"No") -> No | AB4: =IF(AND($S$2=Menus!$I$7,'Project Info'!$D$16="No"),Calculations!AJ$6,"No") -> No | ... AJ4: =IF(AND($S$2=Menus!$I$7,'Project Info'!$D$16="No"),Calculations!AR$6,"No") -> No | AW4: Electricity | AX4: Gas | AY4: Additional Fuel | AZ4: District Cooling | BA4: District Heating
B5: =_xlfn.CONCAT(A1," Summary") -> Source Energy Use Summary | D5: =SiteE!D5 -> Proposed Design | E5: =SiteE!E5 | F5: =SiteE!F5 | G5: =SiteE!G5 | H5: =SiteE!H5 | I5: =SiteE!I5 | J5: =SiteE!J5 | K5: =SiteE!K5 | ... O5: =SiteE!O5 | S5: =Calculations!A38 -> Source Energy Use (kBtu)
B6: Electricity | C6: ='Project Info'!$I$6 -> kBtu | D6: =IFERROR(INDEX(Calculations!$BL$39:$BQ$51,MATCH(D$5,Calculations!$A$39:$A$51,0),MATCH($B6,Calculations!$BL$5:$BQ$5,0)),0) -> 1930517.4 | E6: =IFERROR(INDEX(Calculations!$BL$39:$BQ$51,MATCH(E$5,Calculations!$A$39:$A$51,0),MATCH($B6,Calculations!$BL$5:$BQ$5,0)),0) -> 0 | F6: =IFERROR(INDEX(Calculations!$BL$39:$BQ$51,MATCH(F$5,Calculations!$A$39:$A$51,0),MATCH($B6,Calculations!$BL$5:$BQ$5,0)),0) -> 0 | G6: =IFERROR(INDEX(Calculations!$BL$39:$BQ$51,MATCH(G$5,Calculations!$A$39:$A$51,0),MATCH($B6,Calculations!$BL$5:$BQ$5,0)),0) -> 0 | H6: =IFERROR(INDEX(Calculations!$BL$39:$BQ$51,MATCH(H$5,Calculations!$A$39:$A$51,0),MATCH($B6,Calculations!$BL$5:$BQ$5,0)),0) -> 0 | I6: =IFERROR(INDEX(Calculations!$BL$39:$BQ$51,MATCH(I$5,Calculations!$A$39:$A$51,0),MATCH($B6,Calculations!$BL$5:$BQ$5,0)),0) -> 0 | J6: =IFERROR(INDEX(Calculations!$BL$39:$BQ$51,MATCH(J$5,Calculations!$A$39:$A$51,0),MATCH($B6,Calculations!$BL$5:$BQ$5,0)),0) -> 0 | K6: =IFERROR(INDEX(Calculations!$BL$39:$BQ$51,MATCH(K$5,Calculations!$A$39:$A$51,0),MATCH($B6,Calculations!$BL$5:$BQ$5,0)),0) -> 0 | ... O6: =IFERROR(INDEX(Calculations!$BL$39:$BQ$51,MATCH(O$5,Calculations!$A$39:$A$51,0),MATCH($B6,Calculations!$BL$5:$BQ$5,0)),0) -> 0 | S6: =SiteE!S6 -> Proposed Design | U6: =IFERROR(IF(U$4="Yes",0,INDEX(Calculations!AC$39:AC$51,MATCH(SourceE!$S6,Calculations!$A$39:$A$51,0))),0) -> 107344.25 | V6: =IFERROR(IF(V$4="Yes",0,INDEX(Calculations!AD$39:AD$51,MATCH(SourceE!$S6,Calculations!$A$39:$A$51,0))),0) -> 400071.33 | W6: =IFERROR(IF(W$4="Yes",0,INDEX(Calculations!AE$39:AE$51,MATCH(SourceE!$S6,Calculations!$A$39:$A$51,0))),0) -> 429443.87 | X6: =IFERROR(IF(X$4="Yes",0,INDEX(Calculations!AF$39:AF$51,MATCH(SourceE!$S6,Calculations!$A$39:$A$51,0))),0) -> 0 | Y6: =IFERROR(IF(Y$4="Yes",0,INDEX(Calculations!AG$39:AG$51,MATCH(SourceE!$S6,Calculations!$A$39:$A$51,0))),0) -> 504229.45 | Z6: =IFERROR(IF(Z$4="Yes",0,INDEX(Calculations!AH$39:AH$51,MATCH(SourceE!$S6,Calculations!$A$39:$A$51,0))),0) -> 0 | AA6: =IFERROR(IF(AA$4="Yes",0,INDEX(Calculations!AI$39:AI$51,MATCH(SourceE!$S6,Calculations!$A$39:$A$51,0))),0) -> 489428.54 | AB6: =IFERROR(IF(AB$4="Yes",0,INDEX(Calculations!AJ$39:AJ$51,MATCH(SourceE!$S6,Calculations!$A$39:$A$51,0))),0) -> 0 | ... AJ6: =IFERROR(IF(AJ$4="Yes",0,INDEX(Calculations!AR$39:AR$51,MATCH(SourceE!$S6,Calculations!$A$39:$A$51,0))),0) -> 0 | AK6: =IFERROR(SUM(U6:AI6)*'Project Info'!$D$28,0) -> 0 | AL6: =IFERROR(INDEX(Calculations!BC$39:BC$51,MATCH(SourceE!$S6,Calculations!$A$39:$A$51,0))*-1,0) -> 0 | AM6: =IFERROR(INDEX(Calculations!BD$39:BD$51,MATCH(SourceE!$S6,Calculations!$A$39:$A$51,0))*-1,0) -> 0 | AN6: =IFERROR(SUM(OFFSET(Calculations!BE$39,MATCH($S6,Calculations!$A$39:$A$51,0)-1,0,1,4))*-1,0) -> 0 | AO6: =SUM(U6:AN6) -> 1930517.4 | AQ6: ='Project Info'!D20 -> NA | AS6: =CONCATENATE(AQ6*100,"% LEED Target") -> #VALUE! | AT6: =Calculations!BQ9*(1-AQ6) -> #VALUE! | AU6: =AT6 -> #VALUE! | AW6: =IFERROR(INDEX(Calculations!BL$9:BL$21,MATCH($S6,Calculations!$A$9:$A$21,0)),0) -> 689470.52 | AX6: =IFERROR(INDEX(Calculations!BM$9:BM$21,MATCH($S6,Calculations!$A$9:$A$21,0)),0) -> 0 | AY6: =IFERROR(INDEX(Calculations!BN$9:BN$21,MATCH($S6,Calculations!$A$9:$A$21,0)),0) -> 0 | AZ6: =IFERROR(INDEX(Calculations!BO$9:BO$21,MATCH($S6,Calculations!$A$9:$A$21,0)),0) -> 0 | BA6: =IFERROR(INDEX(Calculations!BP$9:BP$21,MATCH($S6,Calculations!$A$9:$A$21,0)),0) -> 0
B7: Gas | C7: ='Project Info'!$I$6 -> kBtu | D7: =IFERROR(INDEX(Calculations!$BL$39:$BQ$51,MATCH(D$5,Calculations!$A$39:$A$51,0),MATCH($B7,Calculations!$BL$5:$BQ$5,0)),0) -> 0 | E7: =IFERROR(INDEX(Calculations!$BL$39:$BQ$51,MATCH(E$5,Calculations!$A$39:$A$51,0),MATCH($B7,Calculations!$BL$5:$BQ$5,0)),0) -> 0 | F7: =IFERROR(INDEX(Calculations!$BL$39:$BQ$51,MATCH(F$5,Calculations!$A$39:$A$51,0),MATCH($B7,Calculations!$BL$5:$BQ$5,0)),0) -> 0 | G7: =IFERROR(INDEX(Calculations!$BL$39:$BQ$51,MATCH(G$5,Calculations!$A$39:$A$51,0),MATCH($B7,Calculations!$BL$5:$BQ$5,0)),0) -> 0 | H7: =IFERROR(INDEX(Calculations!$BL$39:$BQ$51,MATCH(H$5,Calculations!$A$39:$A$51,0),MATCH($B7,Calculations!$BL$5:$BQ$5,0)),0) -> 0 | I7: =IFERROR(INDEX(Calculations!$BL$39:$BQ$51,MATCH(I$5,Calculations!$A$39:$A$51,0),MATCH($B7,Calculations!$BL$5:$BQ$5,0)),0) -> 0 | J7: =IFERROR(INDEX(Calculations!$BL$39:$BQ$51,MATCH(J$5,Calculations!$A$39:$A$51,0),MATCH($B7,Calculations!$BL$5:$BQ$5,0)),0) -> 0 | K7: =IFERROR(INDEX(Calculations!$BL$39:$BQ$51,MATCH(K$5,Calculations!$A$39:$A$51,0),MATCH($B7,Calculations!$BL$5:$BQ$5,0)),0) -> 0 | ... O7: =IFERROR(INDEX(Calculations!$BL$39:$BQ$51,MATCH(O$5,Calculations!$A$39:$A$51,0),MATCH($B7,Calculations!$BL$5:$BQ$5,0)),0) -> 0 | S7: =SiteE!S7 | U7: =IFERROR(IF(U$4="Yes",0,INDEX(Calculations!AC$39:AC$51,MATCH(SourceE!$S7,Calculations!$A$39:$A$51,0))),0) -> 0 | V7: =IFERROR(IF(V$4="Yes",0,INDEX(Calculations!AD$39:AD$51,MATCH(SourceE!$S7,Calculations!$A$39:$A$51,0))),0) -> 0 | W7: =IFERROR(IF(W$4="Yes",0,INDEX(Calculations!AE$39:AE$51,MATCH(SourceE!$S7,Calculations!$A$39:$A$51,0))),0) -> 0 | X7: =IFERROR(IF(X$4="Yes",0,INDEX(Calculations!AF$39:AF$51,MATCH(SourceE!$S7,Calculations!$A$39:$A$51,0))),0) -> 0 | Y7: =IFERROR(IF(Y$4="Yes",0,INDEX(Calculations!AG$39:AG$51,MATCH(SourceE!$S7,Calculations!$A$39:$A$51,0))),0) -> 0 | Z7: =IFERROR(IF(Z$4="Yes",0,INDEX(Calculations!AH$39:AH$51,MATCH(SourceE!$S7,Calculations!$A$39:$A$51,0))),0) -> 0 | AA7: =IFERROR(IF(AA$4="Yes",0,INDEX(Calculations!AI$39:AI$51,MATCH(SourceE!$S7,Calculations!$A$39:$A$51,0))),0) -> 0 | AB7: =IFERROR(IF(AB$4="Yes",0,INDEX(Calculations!AJ$39:AJ$51,MATCH(SourceE!$S7,Calculations!$A$39:$A$51,0))),0) -> 0 | ... AJ7: =IFERROR(IF(AJ$4="Yes",0,INDEX(Calculations!AR$39:AR$51,MATCH(SourceE!$S7,Calculations!$A$39:$A$51,0))),0) -> 0 | AK7: =IFERROR(SUM(U7:AI7)*'Project Info'!$D$28,0) -> 0 | AL7: =IFERROR(INDEX(Calculations!BC$39:BC$51,MATCH(SourceE!$S7,Calculations!$A$39:$A$51,0))*-1,0) -> 0 | AM7: =IFERROR(INDEX(Calculations!BD$39:BD$51,MATCH(SourceE!$S7,Calculations!$A$39:$A$51,0))*-1,0) -> 0 | AN7: =IFERROR(SUM(OFFSET(Calculations!BE$39,MATCH($S7,Calculations!$A$39:$A$51,0)-1,0,1,4))*-1,0) -> 0 | AO7: =SUM(U7:AN7) -> 0 | AQ7: ='Project Info'!E20 -> NA | AS7: =CONCATENATE(AQ7*100,"% Code Target") -> #VALUE! | AT7: =Calculations!BQ10*(1-AQ7) -> #VALUE! | AU7: =AT7 -> #VALUE! | AW7: =IFERROR(INDEX(Calculations!BL$9:BL$21,MATCH($S7,Calculations!$A$9:$A$21,0)),0) -> 0 | AX7: =IFERROR(INDEX(Calculations!BM$9:BM$21,MATCH($S7,Calculations!$A$9:$A$21,0)),0) -> 0 | AY7: =IFERROR(INDEX(Calculations!BN$9:BN$21,MATCH($S7,Calculations!$A$9:$A$21,0)),0) -> 0 | AZ7: =IFERROR(INDEX(Calculations!BO$9:BO$21,MATCH($S7,Calculations!$A$9:$A$21,0)),0) -> 0 | BA7: =IFERROR(INDEX(Calculations!BP$9:BP$21,MATCH($S7,Calculations!$A$9:$A$21,0)),0) -> 0
B8: Additional Fuel | C8: ='Project Info'!$I$6 -> kBtu | D8: =IFERROR(INDEX(Calculations!$BL$39:$BQ$51,MATCH(D$5,Calculations!$A$39:$A$51,0),MATCH($B8,Calculations!$BL$5:$BQ$5,0)),0) -> 0 | E8: =IFERROR(INDEX(Calculations!$BL$39:$BQ$51,MATCH(E$5,Calculations!$A$39:$A$51,0),MATCH($B8,Calculations!$BL$5:$BQ$5,0)),0) -> 0 | F8: =IFERROR(INDEX(Calculations!$BL$39:$BQ$51,MATCH(F$5,Calculations!$A$39:$A$51,0),MATCH($B8,Calculations!$BL$5:$BQ$5,0)),0) -> 0 | G8: =IFERROR(INDEX(Calculations!$BL$39:$BQ$51,MATCH(G$5,Calculations!$A$39:$A$51,0),MATCH($B8,Calculations!$BL$5:$BQ$5,0)),0) -> 0 | H8: =IFERROR(INDEX(Calculations!$BL$39:$BQ$51,MATCH(H$5,Calculations!$A$39:$A$51,0),MATCH($B8,Calculations!$BL$5:$BQ$5,0)),0) -> 0 | I8: =IFERROR(INDEX(Calculations!$BL$39:$BQ$51,MATCH(I$5,Calculations!$A$39:$A$51,0),MATCH($B8,Calculations!$BL$5:$BQ$5,0)),0) -> 0 | J8: =IFERROR(INDEX(Calculations!$BL$39:$BQ$51,MATCH(J$5,Calculations!$A$39:$A$51,0),MATCH($B8,Calculations!$BL$5:$BQ$5,0)),0) -> 0 | K8: =IFERROR(INDEX(Calculations!$BL$39:$BQ$51,MATCH(K$5,Calculations!$A$39:$A$51,0),MATCH($B8,Calculations!$BL$5:$BQ$5,0)),0) -> 0 | ... O8: =IFERROR(INDEX(Calculations!$BL$39:$BQ$51,MATCH(O$5,Calculations!$A$39:$A$51,0),MATCH($B8,Calculations!$BL$5:$BQ$5,0)),0) -> 0 | S8: =SiteE!S8 | U8: =IFERROR(IF(U$4="Yes",0,INDEX(Calculations!AC$39:AC$51,MATCH(SourceE!$S8,Calculations!$A$39:$A$51,0))),0) -> 0 | V8: =IFERROR(IF(V$4="Yes",0,INDEX(Calculations!AD$39:AD$51,MATCH(SourceE!$S8,Calculations!$A$39:$A$51,0))),0) -> 0 | W8: =IFERROR(IF(W$4="Yes",0,INDEX(Calculations!AE$39:AE$51,MATCH(SourceE!$S8,Calculations!$A$39:$A$51,0))),0) -> 0 | X8: =IFERROR(IF(X$4="Yes",0,INDEX(Calculations!AF$39:AF$51,MATCH(SourceE!$S8,Calculations!$A$39:$A$51,0))),0) -> 0 | Y8: =IFERROR(IF(Y$4="Yes",0,INDEX(Calculations!AG$39:AG$51,MATCH(SourceE!$S8,Calculations!$A$39:$A$51,0))),0) -> 0 | Z8: =IFERROR(IF(Z$4="Yes",0,INDEX(Calculations!AH$39:AH$51,MATCH(SourceE!$S8,Calculations!$A$39:$A$51,0))),0) -> 0 | AA8: =IFERROR(IF(AA$4="Yes",0,INDEX(Calculations!AI$39:AI$51,MATCH(SourceE!$S8,Calculations!$A$39:$A$51,0))),0) -> 0 | AB8: =IFERROR(IF(AB$4="Yes",0,INDEX(Calculations!AJ$39:AJ$51,MATCH(SourceE!$S8,Calculations!$A$39:$A$51,0))),0) -> 0 | ... AJ8: =IFERROR(IF(AJ$4="Yes",0,INDEX(Calculations!AR$39:AR$51,MATCH(SourceE!$S8,Calculations!$A$39:$A$51,0))),0) -> 0 | AK8: =IFERROR(SUM(U8:AI8)*'Project Info'!$D$28,0) -> 0 | AL8: =IFERROR(INDEX(Calculations!BC$39:BC$51,MATCH(SourceE!$S8,Calculations!$A$39:$A$51,0))*-1,0) -> 0 | AM8: =IFERROR(INDEX(Calculations!BD$39:BD$51,MATCH(SourceE!$S8,Calculations!$A$39:$A$51,0))*-1,0) -> 0 | AN8: =IFERROR(SUM(OFFSET(Calculations!BE$39,MATCH($S8,Calculations!$A$39:$A$51,0)-1,0,1,4))*-1,0) -> 0 | AO8: =SUM(U8:AN8) -> 0 | AW8: =IFERROR(INDEX(Calculations!BL$9:BL$21,MATCH($S8,Calculations!$A$9:$A$21,0)),0) -> 0 | AX8: =IFERROR(INDEX(Calculations!BM$9:BM$21,MATCH($S8,Calculations!$A$9:$A$21,0)),0) -> 0 | AY8: =IFERROR(INDEX(Calculations!BN$9:BN$21,MATCH($S8,Calculations!$A$9:$A$21,0)),0) -> 0 | AZ8: =IFERROR(INDEX(Calculations!BO$9:BO$21,MATCH($S8,Calculations!$A$9:$A$21,0)),0) -> 0 | BA8: =IFERROR(INDEX(Calculations!BP$9:BP$21,MATCH($S8,Calculations!$A$9:$A$21,0)),0) -> 0
